method,kind,recall,precision,n_cp,delay,time
PELT_l2,trend,1,0.3333333333333333,3,1.0,0.0006365776062011719
PELT_rbf,trend,1,0.3333333333333333,3,1.0,0.0011522769927978516
Binseg,trend,1,0.3333333333333333,3,1.0,0.0010514259338378906
Window,trend,0,0.0,1,,0.0006468296051025391
CUSUM,trend,0,0.0,1,,9.560585021972656e-05
PELT_l2,level,1,1.0,1,0.0,0.0004928112030029297
PELT_rbf,level,1,1.0,1,0.0,0.0004661083221435547
Binseg,level,1,0.3333333333333333,3,0.0,0.0008623600006103516
Window,level,1,1.0,1,0.0,0.0005972385406494141
CUSUM,level,0,0.0,2,,8.082389831542969e-05
PELT_l2,spike,1,1.0,1,2.0,0.0005099773406982422
PELT_rbf,spike,0,0.0,2,,0.0006287097930908203
Binseg,spike,1,0.3333333333333333,3,2.0,0.0016129016876220703
Window,spike,1,1.0,1,2.0,0.001201629638671875
CUSUM,spike,1,1.0,1,1.0,0.00010514259338378906
PELT_l2,trend,1,0.5,2,2.0,0.0008845329284667969
PELT_rbf,trend,1,0.5,2,2.0,0.0006549358367919922
Binseg,trend,1,0.3333333333333333,3,2.0,0.0015423297882080078
Window,trend,1,1.0,1,2.0,0.0009343624114990234
CUSUM,trend,0,0.0,1,,0.00012445449829101562
PELT_l2,trend,1,0.25,4,0.0,0.0007479190826416016
PELT_rbf,trend,1,0.3333333333333333,3,0.0,0.0005495548248291016
Binseg,trend,1,0.3333333333333333,3,0.0,0.001378774642944336
Window,trend,0,0.0,1,,0.0008504390716552734
CUSUM,trend,0,0.0,2,,0.00012445449829101562
PELT_l2,spike,0,0.0,1,,0.0010380744934082031
PELT_rbf,spike,0,0.0,1,,0.0006957054138183594
Binseg,spike,1,0.3333333333333333,3,1.0,0.0016281604766845703
Window,spike,1,0.5,2,1.0,0.0020341873168945312
CUSUM,spike,1,1.0,1,1.0,0.00016546249389648438
PELT_l2,spike,1,1.0,1,1.0,0.0008959770202636719
PELT_rbf,spike,1,0.5,2,1.0,0.0005774497985839844
Binseg,spike,1,0.3333333333333333,3,1.0,0.0014417171478271484
Window,spike,0,0.0,1,,0.0009086132049560547
CUSUM,spike,0,0.0,0,,9.489059448242188e-05
PELT_l2,trend,0,0.0,2,,0.0008182525634765625
PELT_rbf,trend,0,0.0,2,,0.0006194114685058594
Binseg,trend,0,0.0,3,,0.0014424324035644531
Window,trend,0,0.0,1,,0.0009126663208007812
CUSUM,trend,1,0.5,2,2.0,9.226799011230469e-05
PELT_l2,level,1,1.0,1,2.0,0.0008292198181152344
PELT_rbf,level,1,0.3333333333333333,3,2.0,0.0005784034729003906
Binseg,level,1,0.3333333333333333,3,2.0,0.001313924789428711
Window,level,0,0.0,2,,0.0009844303131103516
CUSUM,level,0,0.0,2,,0.00011849403381347656
PELT_l2,trend,1,0.5,2,2.0,0.0007476806640625
PELT_rbf,trend,1,0.3333333333333333,3,2.0,0.0006017684936523438
Binseg,trend,1,0.3333333333333333,3,2.0,0.0014302730560302734
Window,trend,1,1.0,1,2.0,0.0008547306060791016
CUSUM,trend,1,1.0,1,0.0,0.0001227855682373047
PELT_l2,spike,0,0.0,1,,0.0007166862487792969
PELT_rbf,spike,1,0.5,2,2.0,0.0005769729614257812
Binseg,spike,1,0.3333333333333333,3,2.0,0.0012722015380859375
Window,spike,0,0.0,1,,0.0008687973022460938
CUSUM,spike,0,0.0,2,,9.608268737792969e-05
PELT_l2,trend,0,0.0,2,,0.0007455348968505859
PELT_rbf,trend,0,0.0,2,,0.0006346702575683594
Binseg,trend,0,0.0,3,,0.0012912750244140625
Window,trend,0,0.0,1,,0.0008497238159179688
CUSUM,trend,0,0.0,1,,9.274482727050781e-05
PELT_l2,spike,0,0.0,1,,0.0006546974182128906
PELT_rbf,spike,1,0.5,2,3.0,0.0005390644073486328
Binseg,spike,1,0.3333333333333333,3,3.0,0.0014221668243408203
Window,spike,1,1.0,1,3.0,0.0009644031524658203
CUSUM,spike,1,1.0,1,1.0,8.988380432128906e-05
PELT_l2,spike,0,0.0,1,,0.0011353492736816406
PELT_rbf,spike,1,1.0,1,1.0,0.0006351470947265625
Binseg,spike,1,0.3333333333333333,3,1.0,0.0015363693237304688
Window,spike,0,0.0,1,,0.0008270740509033203
CUSUM,spike,1,1.0,1,1.0,8.96453857421875e-05
PELT_l2,trend,1,0.5,2,2.0,0.0007791519165039062
PELT_rbf,trend,1,0.3333333333333333,3,2.0,0.0006268024444580078
Binseg,trend,1,0.3333333333333333,3,2.0,0.003858327865600586
Window,trend,0,0.0,1,,0.0009355545043945312
CUSUM,trend,0,0.0,1,,0.00010538101196289062
PELT_l2,spike,1,1.0,1,-1.0,0.0009644031524658203
PELT_rbf,spike,1,1.0,1,-1.0,0.0005571842193603516
Binseg,spike,1,0.3333333333333333,3,-1.0,0.0031745433807373047
Window,spike,1,1.0,1,-1.0,0.0010180473327636719
CUSUM,spike,1,1.0,1,1.0,0.00010704994201660156
PELT_l2,spike,1,1.0,1,2.0,0.0028772354125976562
PELT_rbf,spike,1,0.3333333333333333,3,2.0,0.000640869140625
Binseg,spike,1,0.3333333333333333,3,2.0,0.0033698081970214844
Window,spike,1,0.5,2,2.0,0.0010116100311279297
CUSUM,spike,0,0.0,1,,0.00010895729064941406
PELT_l2,level,1,0.5,2,1.0,0.0008091926574707031
PELT_rbf,level,1,1.0,1,1.0,0.0006010532379150391
Binseg,level,1,0.3333333333333333,3,1.0,0.003441333770751953
Window,level,1,0.5,2,1.0,0.0031311511993408203
CUSUM,level,0,0.0,2,,0.00011658668518066406
PELT_l2,level,1,0.5,2,-1.0,0.00070953369140625
PELT_rbf,level,1,1.0,1,-1.0,0.00267791748046875
Binseg,level,1,0.3333333333333333,3,-1.0,0.0013518333435058594
Window,level,1,1.0,1,-1.0,0.0008997917175292969
CUSUM,level,0,0.0,2,,0.00010633468627929688
PELT_l2,spike,1,1.0,1,3.0,0.002397298812866211
PELT_rbf,spike,0,0.0,1,,0.0006227493286132812
Binseg,spike,1,0.3333333333333333,3,3.0,0.0013248920440673828
Window,spike,1,1.0,1,3.0,0.0013339519500732422
CUSUM,spike,1,1.0,1,1.0,0.00026488304138183594
PELT_l2,spike,0,0.0,1,,0.0008809566497802734
PELT_rbf,spike,1,1.0,1,1.0,0.0025997161865234375
Binseg,spike,1,0.3333333333333333,3,1.0,0.0014431476593017578
Window,spike,1,1.0,1,1.0,0.003026247024536133
CUSUM,spike,1,1.0,1,1.0,0.00011587142944335938
PELT_l2,spike,0,0.0,1,,0.002794504165649414
PELT_rbf,spike,0,0.0,2,,0.0006706714630126953
Binseg,spike,1,0.3333333333333333,3,1.0,0.0018317699432373047
Window,spike,0,0.0,2,,0.0027093887329101562
CUSUM,spike,0,0.0,1,,0.00012254714965820312
PELT_l2,trend,1,0.3333333333333333,3,3.0,0.0007903575897216797
PELT_rbf,trend,1,0.5,2,3.0,0.0006754398345947266
Binseg,trend,1,0.3333333333333333,3,3.0,0.004491329193115234
Window,trend,1,1.0,1,3.0,0.002958059310913086
CUSUM,trend,1,0.5,2,0.0,0.00016117095947265625
PELT_l2,level,1,0.5,2,0.0,0.0007984638214111328
PELT_rbf,level,1,0.5,2,0.0,0.004804372787475586
Binseg,level,1,0.3333333333333333,3,0.0,0.001359701156616211
Window,level,1,1.0,1,0.0,0.0013723373413085938
CUSUM,level,0,0.0,2,,0.00010418891906738281
PELT_l2,level,0,0.0,2,,0.0028476715087890625
PELT_rbf,level,0,0.0,2,,0.0006759166717529297
Binseg,level,1,0.3333333333333333,3,3.0,0.0035881996154785156
Window,level,0,0.0,1,,0.0009100437164306641
CUSUM,level,1,1.0,2,-1.0,0.00012111663818359375
PELT_l2,spike,1,1.0,1,3.0,0.0009706020355224609
PELT_rbf,spike,0,0.0,2,,0.0027937889099121094
Binseg,spike,1,0.3333333333333333,3,3.0,0.0015108585357666016
Window,spike,1,1.0,1,3.0,0.003071308135986328
CUSUM,spike,1,1.0,1,1.0,0.000110626220703125
PELT_l2,level,1,0.5,2,1.0,0.0029184818267822266
PELT_rbf,level,1,1.0,1,1.0,0.0007171630859375
Binseg,level,1,0.3333333333333333,3,1.0,0.0015099048614501953
Window,level,1,1.0,1,1.0,0.0010447502136230469
CUSUM,level,0,0.0,2,,0.00012373924255371094
PELT_l2,level,1,0.5,2,2.0,0.0008635520935058594
PELT_rbf,level,1,0.3333333333333333,3,2.0,0.0006127357482910156
Binseg,level,1,0.3333333333333333,3,2.0,0.0015645027160644531
Window,level,1,1.0,1,2.0,0.0008740425109863281
CUSUM,level,1,1.0,1,-1.0,0.0001010894775390625
PELT_l2,trend,1,1.0,1,3.0,0.0009343624114990234
PELT_rbf,trend,1,1.0,1,3.0,0.0006563663482666016
Binseg,trend,1,0.3333333333333333,3,3.0,0.0014660358428955078
Window,trend,1,1.0,1,3.0,0.0008862018585205078
CUSUM,trend,0,0.0,1,,0.00011444091796875
PELT_l2,trend,1,0.3333333333333333,3,3.0,0.0009243488311767578
PELT_rbf,trend,1,0.5,2,3.0,0.0006356239318847656
Binseg,trend,1,0.3333333333333333,3,3.0,0.001306295394897461
Window,trend,1,1.0,1,3.0,0.0009772777557373047
CUSUM,trend,0,0.0,1,,0.00010848045349121094
PELT_l2,trend,1,0.3333333333333333,3,2.0,0.0008242130279541016
PELT_rbf,trend,1,0.3333333333333333,3,2.0,0.0006051063537597656
Binseg,trend,1,0.3333333333333333,3,2.0,0.0012469291687011719
Window,trend,1,0.5,2,2.0,0.0012271404266357422
CUSUM,trend,1,0.5,2,-1.0,0.00012159347534179688
PELT_l2,spike,0,0.0,1,,0.0008697509765625
PELT_rbf,spike,1,1.0,1,1.0,0.0006756782531738281
Binseg,spike,1,0.3333333333333333,3,1.0,0.0013432502746582031
Window,spike,1,1.0,1,1.0,0.0011553764343261719
CUSUM,spike,1,1.0,1,1.0,0.00011897087097167969
PELT_l2,trend,1,0.3333333333333333,3,2.0,0.0006742477416992188
PELT_rbf,trend,1,0.3333333333333333,3,2.0,0.0005888938903808594
Binseg,trend,1,0.3333333333333333,3,2.0,0.0015840530395507812
Window,trend,0,0.0,1,,0.001005411148071289
CUSUM,trend,1,0.5,2,0.0,0.00010633468627929688
PELT_l2,spike,0,0.0,1,,0.0008256435394287109
PELT_rbf,spike,1,1.0,1,1.0,0.000667572021484375
Binseg,spike,1,0.3333333333333333,3,1.0,0.001519918441772461
Window,spike,0,0.0,1,,0.0008883476257324219
CUSUM,spike,1,1.0,1,1.0,0.00010466575622558594
PELT_l2,level,0,0.0,1,,0.0007965564727783203
PELT_rbf,level,1,0.5,2,3.0,0.0006856918334960938
Binseg,level,1,0.3333333333333333,3,3.0,0.0014460086822509766
Window,level,0,0.0,1,,0.0008666515350341797
CUSUM,level,0,0.0,2,,0.00014519691467285156
PELT_l2,level,1,0.5,2,-1.0,0.0007429122924804688
PELT_rbf,level,1,0.5,2,-1.0,0.0011272430419921875
Binseg,level,1,0.3333333333333333,3,-1.0,0.0038492679595947266
Window,level,1,1.0,1,-1.0,0.0010995864868164062
CUSUM,level,0,0.0,2,,0.00011181831359863281
PELT_l2,trend,0,0.0,2,,0.0009527206420898438
PELT_rbf,trend,0,0.0,2,,0.0007336139678955078
Binseg,trend,0,0.0,3,,0.00135040283203125
Window,trend,0,0.0,1,,0.0009899139404296875
CUSUM,trend,0,0.0,1,,0.00011754035949707031
PELT_l2,trend,1,0.5,2,2.0,0.0009028911590576172
PELT_rbf,trend,1,0.5,2,2.0,0.0006206035614013672
Binseg,trend,1,0.3333333333333333,3,2.0,0.0013995170593261719
Window,trend,1,0.5,2,2.0,0.0012390613555908203
CUSUM,trend,0,0.0,1,,0.00011920928955078125
PELT_l2,spike,1,1.0,1,2.0,0.0007534027099609375
PELT_rbf,spike,0,0.0,2,,0.0006644725799560547
Binseg,spike,1,0.3333333333333333,3,2.0,0.0014655590057373047
Window,spike,1,1.0,1,2.0,0.001035928726196289
CUSUM,spike,1,1.0,1,1.0,0.00011277198791503906
PELT_l2,trend,1,0.3333333333333333,3,1.0,0.000701904296875
PELT_rbf,trend,1,0.3333333333333333,3,1.0,0.0005526542663574219
Binseg,trend,1,0.3333333333333333,3,1.0,0.0012753009796142578
Window,trend,0,0.0,1,,0.0009927749633789062
CUSUM,trend,0,0.0,2,,9.989738464355469e-05
PELT_l2,trend,1,0.3333333333333333,3,2.0,0.0006625652313232422
PELT_rbf,trend,1,0.3333333333333333,3,2.0,0.0006387233734130859
Binseg,trend,1,0.3333333333333333,3,2.0,0.0013761520385742188
Window,trend,1,0.5,2,2.0,0.0009868144989013672
CUSUM,trend,1,0.5,2,-1.0,0.000102996826171875
PELT_l2,level,1,1.0,1,2.0,0.0007319450378417969
PELT_rbf,level,1,0.3333333333333333,3,2.0,0.0006093978881835938
Binseg,level,1,0.3333333333333333,3,2.0,0.0012543201446533203
Window,level,0,0.0,1,,0.0008721351623535156
CUSUM,level,0,0.0,2,,9.72747802734375e-05
PELT_l2,trend,1,0.3333333333333333,3,0.0,0.0008006095886230469
PELT_rbf,trend,0,0.0,2,,0.0005960464477539062
Binseg,trend,1,0.3333333333333333,3,0.0,0.0012853145599365234
Window,trend,0,0.0,1,,0.0009391307830810547
CUSUM,trend,1,0.5,2,-1.0,0.00010776519775390625
PELT_l2,level,1,1.0,1,-1.0,0.00067901611328125
PELT_rbf,level,1,1.0,1,-1.0,0.0005466938018798828
Binseg,level,1,0.3333333333333333,3,-1.0,0.0012383460998535156
Window,level,1,1.0,1,-1.0,0.0008573532104492188
CUSUM,level,0,0.0,2,,9.298324584960938e-05
PELT_l2,level,1,0.5,2,-1.0,0.0008180141448974609
PELT_rbf,level,1,1.0,1,-1.0,0.0005297660827636719
Binseg,level,1,0.3333333333333333,3,-1.0,0.0012252330780029297
Window,level,1,1.0,1,-1.0,0.0008006095886230469
CUSUM,level,0,0.0,2,,9.179115295410156e-05
PELT_l2,level,0,0.0,1,,0.0007574558258056641
PELT_rbf,level,0,0.0,1,,0.0005924701690673828
Binseg,level,1,0.3333333333333333,3,3.0,0.0013191699981689453
Window,level,0,0.0,2,,0.0010368824005126953
CUSUM,level,0,0.0,2,,0.00013184547424316406
PELT_l2,trend,1,0.3333333333333333,3,2.0,0.0006935596466064453
PELT_rbf,trend,1,0.3333333333333333,3,2.0,0.0005552768707275391
Binseg,trend,1,0.3333333333333333,3,2.0,0.003469228744506836
Window,trend,0,0.0,1,,0.0009145736694335938
CUSUM,trend,0,0.0,1,,0.0021147727966308594
PELT_l2,trend,1,0.5,2,1.0,0.0029211044311523438
PELT_rbf,trend,1,0.5,2,1.0,0.0006701946258544922
Binseg,trend,1,0.3333333333333333,3,1.0,0.003437042236328125
Window,trend,1,1.0,1,1.0,0.00443577766418457
CUSUM,trend,0,0.0,1,,0.00014352798461914062
PELT_l2,trend,1,1.0,1,3.0,0.0008175373077392578
PELT_rbf,trend,1,1.0,1,3.0,0.002712726593017578
Binseg,trend,1,0.3333333333333333,3,3.0,0.0013430118560791016
Window,trend,1,1.0,1,3.0,0.003072977066040039
CUSUM,trend,0,0.0,1,,0.0001227855682373047
PELT_l2,level,0,0.0,1,,0.0028657913208007812
PELT_rbf,level,1,0.5,2,3.0,0.0006353855133056641
Binseg,level,1,0.3333333333333333,3,3.0,0.00519251823425293
Window,level,0,0.0,1,,0.0014750957489013672
CUSUM,level,0,0.0,2,,0.00021648406982421875
PELT_l2,trend,0,0.0,3,,0.003780841827392578
PELT_rbf,trend,0,0.0,2,,0.0006639957427978516
Binseg,trend,0,0.0,3,,0.0014700889587402344
Window,trend,0,0.0,1,,0.0010225772857666016
CUSUM,trend,1,0.5,2,1.0,0.000118255615234375
PELT_l2,level,1,1.0,1,0.0,0.0007305145263671875
PELT_rbf,level,1,1.0,1,0.0,0.0006551742553710938
Binseg,level,1,0.3333333333333333,3,0.0,0.0037355422973632812
Window,level,1,0.5,2,0.0,0.0027697086334228516
CUSUM,level,1,0.5,2,-1.0,0.00015592575073242188
PELT_l2,spike,1,1.0,1,-1.0,0.000804901123046875
PELT_rbf,spike,1,0.5,2,-1.0,0.0013968944549560547
Binseg,spike,1,0.3333333333333333,3,-1.0,0.003680706024169922
Window,spike,1,1.0,1,-1.0,0.0009109973907470703
CUSUM,spike,0,0.0,0,,9.989738464355469e-05
PELT_l2,spike,0,0.0,0,,0.0010423660278320312
PELT_rbf,spike,0,0.0,1,,0.0006656646728515625
Binseg,spike,1,0.3333333333333333,3,2.0,0.0017311573028564453
Window,spike,1,1.0,1,2.0,0.0009715557098388672
CUSUM,spike,1,1.0,1,1.0,9.846687316894531e-05
PELT_l2,spike,0,0.0,1,,0.0007090568542480469
PELT_rbf,spike,0,0.0,2,,0.0006330013275146484
Binseg,spike,1,0.3333333333333333,3,3.0,0.0012421607971191406
Window,spike,1,1.0,1,3.0,0.0009136199951171875
CUSUM,spike,1,1.0,1,1.0,0.00011038780212402344
PELT_l2,level,1,1.0,1,2.0,0.0008227825164794922
PELT_rbf,level,1,0.5,2,2.0,0.0005936622619628906
Binseg,level,1,0.3333333333333333,3,2.0,0.0012252330780029297
Window,level,1,1.0,1,2.0,0.0009245872497558594
CUSUM,level,0,0.0,2,,0.00011181831359863281
PELT_l2,level,1,0.5,2,-1.0,0.0007989406585693359
PELT_rbf,level,1,1.0,1,-1.0,0.0005788803100585938
Binseg,level,1,0.3333333333333333,3,-1.0,0.0012209415435791016
Window,level,1,0.5,2,-1.0,0.001108407974243164
CUSUM,level,1,0.5,2,-1.0,0.00012373924255371094
PELT_l2,spike,1,1.0,1,1.0,0.0009267330169677734
PELT_rbf,spike,1,1.0,1,1.0,0.0006117820739746094
Binseg,spike,1,0.3333333333333333,3,1.0,0.0013391971588134766
Window,spike,1,0.5,2,1.0,0.001153707504272461
CUSUM,spike,0,0.0,1,,0.00011038780212402344
PELT_l2,trend,1,0.3333333333333333,3,2.0,0.0006880760192871094
PELT_rbf,trend,1,0.3333333333333333,3,2.0,0.0005686283111572266
Binseg,trend,1,0.3333333333333333,3,2.0,0.0014019012451171875
Window,trend,0,0.0,1,,0.0009405612945556641
CUSUM,trend,0,0.0,2,,0.00012183189392089844
PELT_l2,trend,0,0.0,2,,0.0008175373077392578
PELT_rbf,trend,1,0.3333333333333333,3,-1.0,0.0006058216094970703
Binseg,trend,0,0.0,3,,0.0015456676483154297
Window,trend,0,0.0,1,,0.0009291172027587891
CUSUM,trend,1,1.0,1,1.0,9.322166442871094e-05
PELT_l2,trend,1,0.3333333333333333,3,2.0,0.0006701946258544922
PELT_rbf,trend,1,0.3333333333333333,3,2.0,0.0006341934204101562
Binseg,trend,1,0.3333333333333333,3,2.0,0.001550436019897461
Window,trend,1,1.0,1,2.0,0.0009245872497558594
CUSUM,trend,1,1.0,1,0.0,9.012222290039062e-05
PELT_l2,trend,0,0.0,1,,0.0008890628814697266
PELT_rbf,trend,1,0.5,2,2.0,0.0006105899810791016
Binseg,trend,1,0.3333333333333333,3,2.0,0.0015170574188232422
Window,trend,0,0.0,1,,0.0010149478912353516
CUSUM,trend,0,0.0,1,,0.00010538101196289062
PELT_l2,spike,0,0.0,0,,0.0009691715240478516
PELT_rbf,spike,0,0.0,1,,0.0006444454193115234
Binseg,spike,1,0.3333333333333333,3,2.0,0.0017600059509277344
Window,spike,1,1.0,1,2.0,0.0009357929229736328
CUSUM,spike,0,0.0,0,,0.0001087188720703125
PELT_l2,trend,1,0.3333333333333333,3,0.0,0.0008337497711181641
PELT_rbf,trend,0,0.0,2,,0.0005996227264404297
Binseg,trend,1,0.3333333333333333,3,0.0,0.0012764930725097656
Window,trend,0,0.0,1,,0.003787517547607422
CUSUM,trend,1,0.5,2,0.0,0.0001068115234375
PELT_l2,level,0,0.0,1,,0.0028879642486572266
PELT_rbf,level,1,1.0,1,2.0,0.0006363391876220703
Binseg,level,1,0.3333333333333333,3,2.0,0.0035982131958007812
Window,level,0,0.0,1,,0.0008995532989501953
CUSUM,level,0,0.0,2,,0.00010466575622558594
PELT_l2,level,1,1.0,1,0.0,0.0008077621459960938
PELT_rbf,level,1,1.0,1,0.0,0.0026891231536865234
Binseg,level,1,0.3333333333333333,3,0.0,0.0013244152069091797
Window,level,1,1.0,1,0.0,0.002996206283569336
CUSUM,level,0,0.0,2,,0.00010991096496582031
PELT_l2,trend,1,0.5,2,2.0,0.0008754730224609375
PELT_rbf,trend,1,0.5,2,2.0,0.0027353763580322266
Binseg,trend,1,0.3333333333333333,3,2.0,0.0035703182220458984
Window,trend,1,1.0,1,2.0,0.0010008811950683594
CUSUM,trend,0,0.0,1,,0.00010633468627929688
PELT_l2,level,1,1.0,1,0.0,0.002943754196166992
PELT_rbf,level,1,1.0,1,0.0,0.00069427490234375
Binseg,level,1,0.3333333333333333,3,0.0,0.003648996353149414
Window,level,1,1.0,1,0.0,0.0031456947326660156
CUSUM,level,1,1.0,1,3.0,0.00011539459228515625
PELT_l2,spike,0,0.0,1,,0.0008530616760253906
PELT_rbf,spike,1,1.0,1,1.0,0.002710103988647461
Binseg,spike,1,0.3333333333333333,3,1.0,0.0013093948364257812
Window,spike,1,1.0,1,1.0,0.003061056137084961
CUSUM,spike,1,1.0,1,1.0,0.00010371208190917969
PELT_l2,trend,0,0.0,1,,0.0029458999633789062
PELT_rbf,trend,1,0.5,2,2.0,0.0007135868072509766
Binseg,trend,1,0.3333333333333333,3,2.0,0.0034923553466796875
Window,trend,0,0.0,1,,0.0009233951568603516
CUSUM,trend,1,1.0,1,0.0,0.00010967254638671875
PELT_l2,trend,1,0.3333333333333333,3,-1.0,0.0007059574127197266
PELT_rbf,trend,1,0.3333333333333333,3,-1.0,0.0006339550018310547
Binseg,trend,1,0.3333333333333333,3,-1.0,0.0034863948822021484
Window,trend,0,0.0,1,,0.0009319782257080078
CUSUM,trend,0,0.0,2,,0.00023698806762695312
PELT_l2,level,1,1.0,1,1.0,0.0007936954498291016
PELT_rbf,level,1,1.0,1,1.0,0.002800464630126953
Binseg,level,1,0.3333333333333333,3,1.0,0.0013818740844726562
Window,level,1,1.0,1,1.0,0.0031054019927978516
CUSUM,level,0,0.0,2,,0.00012636184692382812
PELT_l2,spike,1,1.0,1,3.0,0.003065347671508789
PELT_rbf,spike,0,0.0,1,,0.0007140636444091797
Binseg,spike,1,0.3333333333333333,3,3.0,0.0035696029663085938
Window,spike,1,0.5,2,3.0,0.0010852813720703125
CUSUM,spike,0,0.0,0,,0.0022606849670410156
PELT_l2,trend,0,0.0,2,,0.0008530616760253906
PELT_rbf,trend,0,0.0,3,,0.0027844905853271484
Binseg,trend,0,0.0,3,,0.0014872550964355469
Window,trend,0,0.0,1,,0.0030596256256103516
CUSUM,trend,1,1.0,1,1.0,0.00013065338134765625
PELT_l2,spike,1,1.0,1,1.0,0.003077268600463867
PELT_rbf,spike,1,0.5,2,1.0,0.0007269382476806641
Binseg,spike,1,0.3333333333333333,3,1.0,0.0034656524658203125
Window,spike,1,1.0,1,1.0,0.0009086132049560547
CUSUM,spike,1,0.5,2,1.0,0.00010991096496582031
PELT_l2,spike,0,0.0,1,,0.0009083747863769531
PELT_rbf,spike,0,0.0,2,,0.0027778148651123047
Binseg,spike,1,0.3333333333333333,3,1.0,0.0013883113861083984
Window,spike,0,0.0,2,,0.0032317638397216797
CUSUM,spike,1,1.0,1,1.0,0.00012969970703125
PELT_l2,trend,1,0.3333333333333333,3,3.0,0.002978086471557617
PELT_rbf,trend,1,0.3333333333333333,3,3.0,0.0006847381591796875
Binseg,trend,1,0.3333333333333333,3,3.0,0.0036182403564453125
Window,trend,1,1.0,1,3.0,0.0009150505065917969
CUSUM,trend,1,1.0,1,0.0,0.00010251998901367188
PELT_l2,level,1,1.0,1,0.0,0.0008058547973632812
PELT_rbf,level,1,1.0,1,0.0,0.000621795654296875
Binseg,level,1,0.3333333333333333,3,0.0,0.003693103790283203
Window,level,1,1.0,1,0.0,0.003113269805908203
CUSUM,level,1,0.5,2,-1.0,0.00010180473327636719
PELT_l2,spike,1,1.0,1,1.0,0.0009551048278808594
PELT_rbf,spike,1,1.0,1,1.0,0.0006401538848876953
Binseg,spike,1,0.3333333333333333,3,1.0,0.003464937210083008
Window,spike,1,1.0,1,1.0,0.000926971435546875
CUSUM,spike,1,1.0,1,1.0,0.00010704994201660156
PELT_l2,level,1,1.0,1,0.0,0.0028257369995117188
PELT_rbf,level,1,1.0,1,0.0,0.0006694793701171875
Binseg,level,1,0.3333333333333333,3,0.0,0.0035173892974853516
Window,level,1,1.0,1,0.0,0.0030672550201416016
CUSUM,level,0,0.0,2,,0.0001392364501953125
PELT_l2,level,1,0.3333333333333333,3,3.0,0.0006964206695556641
PELT_rbf,level,1,0.5,2,3.0,0.0006191730499267578
Binseg,level,1,0.3333333333333333,3,3.0,0.004553556442260742
Window,level,0,0.0,1,,0.0031290054321289062
CUSUM,level,0,0.0,2,,0.00010347366333007812
PELT_l2,spike,1,1.0,1,0.0,0.0028896331787109375
PELT_rbf,spike,1,0.5,2,0.0,0.0006275177001953125
Binseg,spike,1,0.3333333333333333,3,0.0,0.0024716854095458984
Window,spike,1,1.0,1,0.0,0.001115560531616211
CUSUM,spike,1,1.0,1,1.0,0.00011301040649414062
PELT_l2,level,1,1.0,1,1.0,0.004117488861083984
PELT_rbf,level,1,1.0,1,1.0,0.0006699562072753906
Binseg,level,1,0.3333333333333333,3,1.0,0.0026412010192871094
Window,level,1,1.0,1,1.0,0.00409698486328125
CUSUM,level,0,0.0,2,,0.0001246929168701172
PELT_l2,level,1,0.5,2,3.0,0.0007998943328857422
PELT_rbf,level,1,0.5,2,3.0,0.0027511119842529297
Binseg,level,1,0.3333333333333333,3,3.0,0.003639698028564453
Window,level,0,0.0,1,,0.0010101795196533203
CUSUM,level,0,0.0,2,,0.00011563301086425781
PELT_l2,trend,1,0.3333333333333333,3,0.0,0.0028710365295410156
PELT_rbf,trend,1,0.3333333333333333,3,0.0,0.0007650852203369141
Binseg,trend,1,0.3333333333333333,3,0.0,0.003733396530151367
Window,trend,0,0.0,1,,0.001062154769897461
CUSUM,trend,1,0.5,2,-1.0,0.00011038780212402344
PELT_l2,spike,0,0.0,1,,0.0029897689819335938
PELT_rbf,spike,1,0.3333333333333333,3,2.0,0.0007088184356689453
Binseg,spike,1,0.3333333333333333,3,2.0,0.0035996437072753906
Window,spike,1,0.5,2,2.0,0.0011835098266601562
CUSUM,spike,1,1.0,1,1.0,0.00011610984802246094
PELT_l2,trend,1,0.3333333333333333,3,1.0,0.0008795261383056641
PELT_rbf,trend,1,0.3333333333333333,3,1.0,0.0027408599853515625
Binseg,trend,1,0.3333333333333333,3,1.0,0.0014941692352294922
Window,trend,1,1.0,1,1.0,0.0030219554901123047
CUSUM,trend,0,0.0,1,,9.965896606445312e-05
PELT_l2,trend,1,0.3333333333333333,3,-1.0,0.002947568893432617
PELT_rbf,trend,0,0.0,2,,0.0006260871887207031
Binseg,trend,1,0.3333333333333333,3,-1.0,0.0036530494689941406
Window,trend,0,0.0,1,,0.0009312629699707031
CUSUM,trend,0,0.0,1,,0.00010704994201660156
PELT_l2,spike,0,0.0,1,,0.0008778572082519531
PELT_rbf,spike,0,0.0,2,,0.0007135868072509766
Binseg,spike,1,0.3333333333333333,3,1.0,0.0037288665771484375
Window,spike,0,0.0,1,,0.003059864044189453
CUSUM,spike,1,1.0,1,1.0,0.0001201629638671875
PELT_l2,trend,1,0.3333333333333333,3,0.0,0.0007445812225341797
PELT_rbf,trend,0,0.0,2,,0.002675294876098633
Binseg,trend,1,0.3333333333333333,3,0.0,0.0035109519958496094
Window,trend,0,0.0,1,,0.0009808540344238281
CUSUM,trend,1,0.5,2,0.0,0.00011730194091796875
PELT_l2,trend,1,0.5,2,1.0,0.002953052520751953
PELT_rbf,trend,1,0.5,2,1.0,0.0006995201110839844
Binseg,trend,1,0.3333333333333333,3,1.0,0.003523588180541992
Window,trend,1,1.0,1,1.0,0.0009026527404785156
CUSUM,trend,0,0.0,1,,0.00010228157043457031
PELT_l2,trend,1,0.5,2,3.0,0.0008671283721923828
PELT_rbf,trend,1,0.5,2,3.0,0.0006651878356933594
Binseg,trend,1,0.3333333333333333,3,3.0,0.0056569576263427734
Window,trend,1,1.0,1,3.0,0.0031571388244628906
CUSUM,trend,0,0.0,1,,0.00012350082397460938
PELT_l2,spike,0,0.0,1,,0.0031402111053466797
PELT_rbf,spike,0,0.0,2,,0.0007503032684326172
Binseg,spike,1,0.3333333333333333,3,1.0,0.0032613277435302734
Window,spike,0,0.0,2,,0.0032858848571777344
CUSUM,spike,1,1.0,1,1.0,0.00014209747314453125
PELT_l2,trend,1,1.0,1,3.0,0.003201723098754883
PELT_rbf,trend,1,0.5,2,3.0,0.000774383544921875
Binseg,trend,1,0.3333333333333333,3,3.0,0.004004955291748047
Window,trend,1,1.0,1,3.0,0.003180980682373047
CUSUM,trend,0,0.0,0,,0.00011992454528808594
PELT_l2,level,1,1.0,1,2.0,0.0039441585540771484
PELT_rbf,level,1,0.5,2,2.0,0.0007081031799316406
Binseg,level,1,0.3333333333333333,3,2.0,0.0037496089935302734
Window,level,1,1.0,1,2.0,0.00390934944152832
CUSUM,level,0,0.0,2,,0.0001220703125
PELT_l2,level,1,1.0,1,0.0,0.0009191036224365234
PELT_rbf,level,1,1.0,1,0.0,0.002829313278198242
Binseg,level,1,0.3333333333333333,3,0.0,0.003955364227294922
Window,level,1,1.0,1,0.0,0.0022356510162353516
CUSUM,level,0,0.0,2,,0.0001316070556640625
PELT_l2,spike,0,0.0,1,,0.00429081916809082
PELT_rbf,spike,0,0.0,1,,0.0007536411285400391
Binseg,spike,1,0.3333333333333333,3,-1.0,0.004251718521118164
Window,spike,1,1.0,1,-1.0,0.003125429153442383
CUSUM,spike,0,0.0,1,,0.00012135505676269531
PELT_l2,level,1,1.0,1,0.0,0.000812530517578125
PELT_rbf,level,1,1.0,1,0.0,0.0027496814727783203
Binseg,level,1,0.3333333333333333,3,0.0,0.0037403106689453125
Window,level,1,1.0,1,0.0,0.0010564327239990234
CUSUM,level,0,0.0,2,,0.00011944770812988281
PELT_l2,spike,0,0.0,1,,0.0011534690856933594
PELT_rbf,spike,1,1.0,1,0.0,0.0018210411071777344
Binseg,spike,1,0.3333333333333333,3,0.0,0.0049495697021484375
Window,spike,1,1.0,1,0.0,0.0011529922485351562
CUSUM,spike,1,1.0,1,1.0,0.0001239776611328125
PELT_l2,level,0,0.0,2,,0.0011150836944580078
PELT_rbf,level,0,0.0,2,,0.0027735233306884766
Binseg,level,1,0.3333333333333333,3,3.0,0.004027843475341797
Window,level,0,0.0,1,,0.0011432170867919922
CUSUM,level,1,1.0,2,-1.0,0.00013756752014160156
PELT_l2,level,1,1.0,1,0.0,0.002039194107055664
PELT_rbf,level,1,1.0,1,0.0,0.0007154941558837891
Binseg,level,1,0.3333333333333333,3,0.0,0.0038232803344726562
Window,level,1,0.5,2,0.0,0.003298521041870117
CUSUM,level,0,0.0,2,,0.00011134147644042969
PELT_l2,level,1,1.0,1,-1.0,0.003981113433837891
PELT_rbf,level,1,0.5,2,-1.0,0.0007112026214599609
Binseg,level,1,0.3333333333333333,3,-1.0,0.00345611572265625
Window,level,1,1.0,1,-1.0,0.0043756961822509766
CUSUM,level,1,1.0,1,3.0,0.0002105236053466797
PELT_l2,spike,0,0.0,1,,0.002070188522338867
PELT_rbf,spike,0,0.0,1,,0.0006840229034423828
Binseg,spike,1,0.3333333333333333,3,3.0,0.001270294189453125
Window,spike,1,1.0,1,3.0,0.0008599758148193359
CUSUM,spike,0,0.0,1,,9.679794311523438e-05
PELT_l2,spike,1,0.5,2,3.0,0.0008740425109863281
PELT_rbf,spike,1,0.5,2,3.0,0.0006036758422851562
Binseg,spike,1,0.3333333333333333,3,3.0,0.0013933181762695312
Window,spike,1,0.5,2,3.0,0.0010077953338623047
CUSUM,spike,0,0.0,1,,0.00010180473327636719
PELT_l2,level,1,0.5,2,1.0,0.0007569789886474609
PELT_rbf,level,1,0.5,2,1.0,0.0005819797515869141
Binseg,level,1,0.3333333333333333,3,1.0,0.0012862682342529297
Window,level,1,1.0,1,1.0,0.0008540153503417969
CUSUM,level,0,0.0,2,,0.00010204315185546875
PELT_l2,level,1,1.0,1,3.0,0.00087738037109375
PELT_rbf,level,0,0.0,1,,0.0006132125854492188
Binseg,level,1,0.3333333333333333,3,3.0,0.00144195556640625
Window,level,1,0.5,2,3.0,0.0009937286376953125
CUSUM,level,1,1.0,1,3.0,0.00010037422180175781
PELT_l2,level,1,1.0,1,1.0,0.0006730556488037109
PELT_rbf,level,1,1.0,1,1.0,0.0006163120269775391
Binseg,level,1,0.3333333333333333,3,1.0,0.001275777816772461
Window,level,1,1.0,1,1.0,0.0008642673492431641
CUSUM,level,0,0.0,2,,9.775161743164062e-05
PELT_l2,spike,0,0.0,1,,0.0007603168487548828
PELT_rbf,spike,0,0.0,1,,0.0006148815155029297
Binseg,spike,1,0.3333333333333333,3,1.0,0.001277923583984375
Window,spike,0,0.0,1,,0.0008528232574462891
CUSUM,spike,1,1.0,1,1.0,9.608268737792969e-05
PELT_l2,level,1,0.3333333333333333,3,2.0,0.0007882118225097656
PELT_rbf,level,1,0.5,2,2.0,0.0006031990051269531
Binseg,level,1,0.3333333333333333,3,2.0,0.001443624496459961
Window,level,1,0.5,2,2.0,0.0010039806365966797
CUSUM,level,0,0.0,1,,0.00010132789611816406
PELT_l2,level,1,0.3333333333333333,3,2.0,0.0007643699645996094
PELT_rbf,level,1,0.3333333333333333,3,2.0,0.0005826950073242188
Binseg,level,1,0.3333333333333333,3,2.0,0.001312255859375
Window,level,0,0.0,1,,0.0008432865142822266
CUSUM,level,1,1.0,1,3.0,0.00011658668518066406
PELT_l2,trend,1,0.5,2,1.0,0.0007495880126953125
PELT_rbf,trend,1,0.5,2,1.0,0.0005495548248291016
Binseg,trend,1,0.3333333333333333,3,1.0,0.0014955997467041016
Window,trend,1,1.0,1,1.0,0.0009570121765136719
CUSUM,trend,0,0.0,1,,0.00010228157043457031
PELT_l2,spike,0,0.0,2,,0.0008273124694824219
PELT_rbf,spike,0,0.0,2,,0.0006375312805175781
Binseg,spike,1,0.3333333333333333,3,0.0,0.0012226104736328125
Window,spike,1,1.0,1,0.0,0.000850677490234375
CUSUM,spike,0,0.0,1,,9.918212890625e-05
PELT_l2,level,1,0.3333333333333333,3,-1.0,0.0007483959197998047
PELT_rbf,level,1,0.5,2,-1.0,0.0005571842193603516
Binseg,level,1,0.3333333333333333,3,-1.0,0.0013072490692138672
Window,level,1,1.0,1,-1.0,0.0008630752563476562
CUSUM,level,0,0.0,1,,9.942054748535156e-05
PELT_l2,level,1,0.5,2,2.0,0.0007071495056152344
PELT_rbf,level,1,1.0,1,2.0,0.0005469322204589844
Binseg,level,1,0.3333333333333333,3,2.0,0.0013403892517089844
Window,level,1,1.0,1,2.0,0.0010099411010742188
CUSUM,level,0,0.0,2,,9.894371032714844e-05
PELT_l2,level,1,1.0,1,0.0,0.0007538795471191406
PELT_rbf,level,1,1.0,1,0.0,0.0014257431030273438
Binseg,level,1,0.3333333333333333,3,0.0,0.0013113021850585938
Window,level,1,1.0,1,0.0,0.0036513805389404297
CUSUM,level,0,0.0,2,,0.00013494491577148438
PELT_l2,level,1,1.0,1,2.0,0.000988006591796875
PELT_rbf,level,1,0.3333333333333333,3,2.0,0.0031456947326660156
Binseg,level,1,0.3333333333333333,3,2.0,0.0020225048065185547
Window,level,1,1.0,1,2.0,0.0008654594421386719
CUSUM,level,1,1.0,1,2.0,9.846687316894531e-05
PELT_l2,level,1,1.0,1,0.0,0.0011172294616699219
PELT_rbf,level,1,1.0,1,0.0,0.0005640983581542969
Binseg,level,1,0.3333333333333333,3,0.0,0.0013051033020019531
Window,level,1,1.0,1,0.0,0.0008540153503417969
CUSUM,level,0,0.0,2,,0.0001163482666015625
PELT_l2,spike,0,0.0,1,,0.0011091232299804688
PELT_rbf,spike,1,1.0,1,1.0,0.0006349086761474609
Binseg,spike,1,0.3333333333333333,3,1.0,0.0014317035675048828
Window,spike,0,0.0,1,,0.001094818115234375
CUSUM,spike,1,1.0,1,2.0,0.00011754035949707031
PELT_l2,level,1,1.0,1,1.0,0.000736236572265625
PELT_rbf,level,1,1.0,1,1.0,0.0005543231964111328
Binseg,level,1,0.3333333333333333,3,1.0,0.0013873577117919922
Window,level,1,1.0,1,1.0,0.0009992122650146484
CUSUM,level,0,0.0,2,,0.00010704994201660156
PELT_l2,trend,1,0.3333333333333333,3,2.0,0.0008296966552734375
PELT_rbf,trend,1,0.5,2,2.0,0.0005986690521240234
Binseg,trend,1,0.3333333333333333,3,2.0,0.0012373924255371094
Window,trend,1,1.0,1,2.0,0.0008397102355957031
CUSUM,trend,0,0.0,1,,9.417533874511719e-05
PELT_l2,level,1,0.5,2,0.0,0.0006983280181884766
PELT_rbf,level,1,0.3333333333333333,3,0.0,0.0005710124969482422
Binseg,level,1,0.3333333333333333,3,0.0,0.0013294219970703125
Window,level,1,1.0,1,0.0,0.0008738040924072266
CUSUM,level,0,0.0,2,,9.918212890625e-05
PELT_l2,trend,1,0.25,4,2.0,0.0007278919219970703
PELT_rbf,trend,1,0.3333333333333333,3,2.0,0.0005922317504882812
Binseg,trend,1,0.3333333333333333,3,2.0,0.0014297962188720703
Window,trend,0,0.0,1,,0.0008440017700195312
CUSUM,trend,0,0.0,1,,0.00010013580322265625
PELT_l2,trend,1,0.3333333333333333,3,3.0,0.0006990432739257812
PELT_rbf,trend,1,0.3333333333333333,3,3.0,0.0005779266357421875
Binseg,trend,1,0.3333333333333333,3,3.0,0.0014455318450927734
Window,trend,0,0.0,1,,0.0008788108825683594
CUSUM,trend,0,0.0,1,,9.942054748535156e-05
PELT_l2,level,1,1.0,1,1.0,0.0007073879241943359
PELT_rbf,level,1,1.0,1,1.0,0.0005652904510498047
Binseg,level,1,0.3333333333333333,3,1.0,0.001287698745727539
Window,level,1,1.0,1,1.0,0.0009100437164306641
CUSUM,level,0,0.0,2,,0.00010180473327636719
PELT_l2,trend,1,0.5,2,2.0,0.0007352828979492188
PELT_rbf,trend,1,0.3333333333333333,3,2.0,0.0006129741668701172
Binseg,trend,1,0.3333333333333333,3,2.0,0.0012905597686767578
Window,trend,1,0.5,2,2.0,0.0010056495666503906
CUSUM,trend,1,1.0,1,0.0,9.751319885253906e-05
PELT_l2,trend,1,0.3333333333333333,3,2.0,0.0007376670837402344
PELT_rbf,trend,1,0.3333333333333333,3,2.0,0.0005822181701660156
Binseg,trend,1,0.3333333333333333,3,2.0,0.0013709068298339844
Window,trend,1,1.0,1,2.0,0.0008544921875
CUSUM,trend,0,0.0,1,,0.00011134147644042969
PELT_l2,spike,1,1.0,1,2.0,0.0007603168487548828
PELT_rbf,spike,1,0.3333333333333333,3,2.0,0.0005502700805664062
Binseg,spike,1,0.3333333333333333,3,2.0,0.0012667179107666016
Window,spike,1,1.0,1,2.0,0.0008373260498046875
CUSUM,spike,0,0.0,0,,0.00011038780212402344
PELT_l2,spike,0,0.0,1,,0.0007340908050537109
PELT_rbf,spike,0,0.0,1,,0.0005605220794677734
Binseg,spike,1,0.3333333333333333,3,-1.0,0.0012784004211425781
Window,spike,0,0.0,1,,0.0012044906616210938
CUSUM,spike,0,0.0,1,,0.0001270771026611328
PELT_l2,trend,1,0.3333333333333333,3,0.0,0.0007557868957519531
PELT_rbf,trend,1,0.3333333333333333,3,0.0,0.0006122589111328125
Binseg,trend,1,0.3333333333333333,3,0.0,0.0014104843139648438
Window,trend,0,0.0,1,,0.0008890628814697266
CUSUM,trend,1,0.5,2,-1.0,9.322166442871094e-05
PELT_l2,trend,0,0.0,2,,0.0007665157318115234
PELT_rbf,trend,0,0.0,2,,0.0005922317504882812
Binseg,trend,1,0.3333333333333333,3,-1.0,0.0013167858123779297
Window,trend,0,0.0,2,,0.000989675521850586
CUSUM,trend,0,0.0,1,,9.72747802734375e-05
PELT_l2,level,1,1.0,1,0.0,0.0007359981536865234
PELT_rbf,level,1,0.5,2,0.0,0.00060272216796875
Binseg,level,1,0.3333333333333333,3,0.0,0.0013179779052734375
Window,level,1,1.0,1,0.0,0.0008625984191894531
CUSUM,level,1,0.5,2,-1.0,0.00010204315185546875
PELT_l2,spike,1,1.0,1,-1.0,0.0007596015930175781
PELT_rbf,spike,1,1.0,1,-1.0,0.0005972385406494141
Binseg,spike,1,0.3333333333333333,3,-1.0,0.0012753009796142578
Window,spike,1,1.0,1,-1.0,0.0008761882781982422
CUSUM,spike,1,1.0,1,1.0,0.00010180473327636719
PELT_l2,trend,1,0.5,2,-1.0,0.0007593631744384766
PELT_rbf,trend,1,0.5,2,-1.0,0.0006124973297119141
Binseg,trend,1,0.3333333333333333,3,-1.0,0.0014362335205078125
Window,trend,0,0.0,1,,0.0008594989776611328
CUSUM,trend,0,0.0,1,,9.799003601074219e-05
PELT_l2,trend,1,0.3333333333333333,3,1.0,0.0007374286651611328
PELT_rbf,trend,1,0.5,2,1.0,0.0005741119384765625
Binseg,trend,1,0.3333333333333333,3,1.0,0.0013058185577392578
Window,trend,0,0.0,1,,0.0008835792541503906
CUSUM,trend,0,0.0,1,,0.00010061264038085938
PELT_l2,level,1,1.0,1,1.0,0.000690460205078125
PELT_rbf,level,1,0.5,2,1.0,0.0005729198455810547
Binseg,level,1,0.3333333333333333,3,1.0,0.0016510486602783203
Window,level,1,1.0,1,1.0,0.0008373260498046875
CUSUM,level,1,0.5,2,3.0,0.00011801719665527344
PELT_l2,spike,0,0.0,0,,0.0008876323699951172
PELT_rbf,spike,0,0.0,1,,0.0006375312805175781
Binseg,spike,1,0.3333333333333333,3,2.0,0.0014884471893310547
Window,spike,1,1.0,1,2.0,0.0009524822235107422
CUSUM,spike,1,1.0,1,1.0,0.00010895729064941406
PELT_l2,spike,0,0.0,1,,0.0007770061492919922
PELT_rbf,spike,1,1.0,1,-1.0,0.0005881786346435547
Binseg,spike,1,0.3333333333333333,3,-1.0,0.0013632774353027344
Window,spike,1,1.0,1,-1.0,0.0008988380432128906
CUSUM,spike,1,1.0,1,1.0,0.00010561943054199219
PELT_l2,trend,0,0.0,2,,0.0008602142333984375
PELT_rbf,trend,0,0.0,2,,0.0006582736968994141
Binseg,trend,0,0.0,3,,0.0015780925750732422
Window,trend,0,0.0,2,,0.001443624496459961
CUSUM,trend,1,0.5,2,0.0,9.5367431640625e-05
PELT_l2,level,0,0.0,1,,0.0007367134094238281
PELT_rbf,level,0,0.0,1,,0.0005807876586914062
Binseg,level,1,0.3333333333333333,3,3.0,0.0013053417205810547
Window,level,0,0.0,1,,0.0010845661163330078
CUSUM,level,0,0.0,2,,9.822845458984375e-05
PELT_l2,spike,0,0.0,1,,0.0007975101470947266
PELT_rbf,spike,0,0.0,2,,0.0006155967712402344
Binseg,spike,1,0.3333333333333333,3,-1.0,0.0013155937194824219
Window,spike,0,0.0,1,,0.0010600090026855469
CUSUM,spike,0,0.0,1,,0.00012421607971191406
PELT_l2,spike,0,0.0,1,,0.0008859634399414062
PELT_rbf,spike,1,1.0,1,1.0,0.0005869865417480469
Binseg,spike,1,0.3333333333333333,3,1.0,0.0017011165618896484
Window,spike,0,0.0,1,,0.0009026527404785156
CUSUM,spike,0,0.0,1,,9.846687316894531e-05
PELT_l2,trend,1,0.3333333333333333,3,-1.0,0.0007948875427246094
PELT_rbf,trend,0,0.0,2,,0.0006322860717773438
Binseg,trend,1,0.3333333333333333,3,-1.0,0.0014522075653076172
Window,trend,0,0.0,1,,0.0008246898651123047
CUSUM,trend,0,0.0,1,,9.560585021972656e-05
PELT_l2,spike,0,0.0,1,,0.0006847381591796875
PELT_rbf,spike,1,0.5,2,2.0,0.0006339550018310547
Binseg,spike,1,0.3333333333333333,3,2.0,0.0012984275817871094
Window,spike,1,1.0,1,2.0,0.0008339881896972656
CUSUM,spike,1,1.0,1,1.0,0.00010704994201660156
PELT_l2,trend,0,0.0,1,,0.0008838176727294922
PELT_rbf,trend,1,0.3333333333333333,3,2.0,0.000568389892578125
Binseg,trend,1,0.3333333333333333,3,2.0,0.0014636516571044922
Window,trend,0,0.0,2,,0.0010404586791992188
CUSUM,trend,0,0.0,1,,0.00010180473327636719
PELT_l2,spike,0,0.0,1,,0.0009860992431640625
PELT_rbf,spike,1,0.5,2,1.0,0.0006663799285888672
Binseg,spike,1,0.3333333333333333,3,1.0,0.0014874935150146484
Window,spike,1,1.0,1,1.0,0.0008521080017089844
CUSUM,spike,1,1.0,1,1.0,0.000118255615234375
PELT_l2,trend,1,0.3333333333333333,3,2.0,0.003006458282470703
PELT_rbf,trend,1,0.3333333333333333,3,2.0,0.002804994583129883
Binseg,trend,1,0.3333333333333333,3,2.0,0.003915548324584961
Window,trend,0,0.0,1,,0.0011925697326660156
CUSUM,trend,1,0.5,2,-1.0,0.00012230873107910156
PELT_l2,trend,1,0.5,2,1.0,0.0009372234344482422
PELT_rbf,trend,1,1.0,1,1.0,0.000705718994140625
Binseg,trend,1,0.3333333333333333,3,1.0,0.003537416458129883
Window,trend,1,1.0,1,1.0,0.0031745433807373047
CUSUM,trend,0,0.0,1,,0.00011706352233886719
PELT_l2,level,1,1.0,1,0.0,0.0030155181884765625
PELT_rbf,level,1,1.0,1,0.0,0.0007288455963134766
Binseg,level,1,0.3333333333333333,3,0.0,0.003631591796875
Window,level,1,1.0,1,0.0,0.0017316341400146484
CUSUM,level,0,0.0,2,,0.00013446807861328125
PELT_l2,trend,1,0.3333333333333333,3,0.0,0.0007450580596923828
PELT_rbf,trend,1,0.3333333333333333,3,0.0,0.0006287097930908203
Binseg,trend,1,0.3333333333333333,3,0.0,0.0035905838012695312
Window,trend,0,0.0,1,,0.003203868865966797
CUSUM,trend,1,0.5,2,-1.0,0.00011777877807617188
PELT_l2,level,1,1.0,1,0.0,0.002957582473754883
PELT_rbf,level,1,0.5,2,0.0,0.0007150173187255859
Binseg,level,1,0.3333333333333333,3,0.0,0.0036644935607910156
Window,level,1,1.0,1,0.0,0.0010340213775634766
CUSUM,level,1,0.5,2,-1.0,0.0001239776611328125
PELT_l2,trend,1,0.5,2,2.0,0.0009512901306152344
PELT_rbf,trend,1,0.5,2,2.0,0.00272369384765625
Binseg,trend,1,0.3333333333333333,3,2.0,0.0017085075378417969
Window,trend,0,0.0,1,,0.0031626224517822266
CUSUM,trend,0,0.0,1,,0.00013399124145507812
PELT_l2,spike,0,0.0,1,,0.003201007843017578
PELT_rbf,spike,1,1.0,1,0.0,0.0007100105285644531
Binseg,spike,1,0.3333333333333333,3,0.0,0.0037412643432617188
Window,spike,1,1.0,1,0.0,0.0031538009643554688
CUSUM,spike,0,0.0,0,,0.00012564659118652344
PELT_l2,level,1,0.5,2,1.0,0.0008323192596435547
PELT_rbf,level,1,1.0,1,1.0,0.002772092819213867
Binseg,level,1,0.3333333333333333,3,1.0,0.0036635398864746094
Window,level,1,1.0,1,1.0,0.0010530948638916016
CUSUM,level,0,0.0,2,,0.00011897087097167969
PELT_l2,spike,0,0.0,1,,0.002834320068359375
PELT_rbf,spike,1,0.3333333333333333,3,3.0,0.0023491382598876953
Binseg,spike,1,0.3333333333333333,3,3.0,0.001461029052734375
Window,spike,1,1.0,1,3.0,0.0010607242584228516
CUSUM,spike,1,0.5,2,1.0,0.0001220703125
PELT_l2,level,1,0.5,2,2.0,0.0008263587951660156
PELT_rbf,level,1,0.5,2,2.0,0.0006301403045654297
Binseg,level,1,0.3333333333333333,3,2.0,0.003373384475708008
Window,level,1,1.0,1,2.0,0.003052949905395508
CUSUM,level,0,0.0,2,,0.00011515617370605469
PELT_l2,spike,1,1.0,1,3.0,0.0008528232574462891
PELT_rbf,spike,1,0.5,2,3.0,0.002736806869506836
Binseg,spike,1,0.3333333333333333,3,3.0,0.0013785362243652344
Window,spike,1,1.0,1,3.0,0.003027200698852539
CUSUM,spike,1,1.0,1,1.0,0.00013947486877441406
PELT_l2,trend,1,0.3333333333333333,3,3.0,0.0029637813568115234
PELT_rbf,trend,1,0.3333333333333333,3,3.0,0.0007073879241943359
Binseg,trend,1,0.3333333333333333,3,3.0,0.003905057907104492
Window,trend,0,0.0,2,,0.0032639503479003906
CUSUM,trend,1,0.5,2,-1.0,0.00012493133544921875
PELT_l2,trend,1,0.5,2,3.0,0.0008602142333984375
PELT_rbf,trend,1,0.5,2,3.0,0.002745389938354492
Binseg,trend,1,0.3333333333333333,3,3.0,0.0037603378295898438
Window,trend,0,0.0,1,,0.0009810924530029297
CUSUM,trend,0,0.0,1,,0.00012350082397460938
PELT_l2,trend,1,0.5,2,1.0,0.0008170604705810547
PELT_rbf,trend,1,0.5,2,1.0,0.0007033348083496094
Binseg,trend,1,0.3333333333333333,3,1.0,0.003782510757446289
Window,trend,0,0.0,1,,0.0031332969665527344
CUSUM,trend,0,0.0,1,,0.00011444091796875
PELT_l2,spike,0,0.0,1,,0.00299072265625
PELT_rbf,spike,1,1.0,1,1.0,0.0006880760192871094
Binseg,spike,1,0.3333333333333333,3,1.0,0.003621816635131836
Window,spike,1,1.0,1,1.0,0.0010390281677246094
CUSUM,spike,1,1.0,1,1.0,0.00011563301086425781
PELT_l2,spike,1,1.0,1,-1.0,0.0008273124694824219
PELT_rbf,spike,1,0.5,2,-1.0,0.0006663799285888672
Binseg,spike,1,0.3333333333333333,3,-1.0,0.003606081008911133
Window,spike,1,0.5,2,-1.0,0.0010290145874023438
CUSUM,spike,1,1.0,1,1.0,0.00010943412780761719
PELT_l2,spike,0,0.0,1,,0.0008730888366699219
PELT_rbf,spike,1,0.5,2,2.0,0.0006601810455322266
Binseg,spike,1,0.3333333333333333,3,2.0,0.0013918876647949219
Window,spike,1,1.0,1,2.0,0.0008518695831298828
CUSUM,spike,1,1.0,1,1.0,9.608268737792969e-05
PELT_l2,level,0,0.0,1,,0.0007317066192626953
PELT_rbf,level,1,0.5,2,3.0,0.0006113052368164062
Binseg,level,1,0.3333333333333333,3,3.0,0.0013957023620605469
Window,level,0,0.0,1,,0.0008490085601806641
CUSUM,level,0,0.0,2,,9.822845458984375e-05
PELT_l2,trend,1,0.3333333333333333,3,3.0,0.0007910728454589844
PELT_rbf,trend,1,0.3333333333333333,3,3.0,0.0006268024444580078
Binseg,trend,1,0.3333333333333333,3,3.0,0.0015106201171875
Window,trend,1,1.0,1,3.0,0.0008008480072021484
CUSUM,trend,0,0.0,1,,9.298324584960938e-05
PELT_l2,level,1,0.3333333333333333,3,3.0,0.0008270740509033203
PELT_rbf,level,0,0.0,2,,0.0006246566772460938
Binseg,level,1,0.3333333333333333,3,3.0,0.001383066177368164
Window,level,0,0.0,1,,0.0008382797241210938
CUSUM,level,1,1.0,1,3.0,9.632110595703125e-05
PELT_l2,level,0,0.0,1,,0.0008616447448730469
PELT_rbf,level,1,0.3333333333333333,3,2.0,0.0006198883056640625
Binseg,level,1,0.3333333333333333,3,2.0,0.0015366077423095703
Window,level,0,0.0,1,,0.0009148120880126953
CUSUM,level,1,0.5,2,-1.0,0.00011587142944335938
PELT_l2,level,1,0.5,2,2.0,0.0006988048553466797
PELT_rbf,level,1,0.5,2,2.0,0.0006165504455566406
Binseg,level,1,0.3333333333333333,3,2.0,0.0015079975128173828
Window,level,1,1.0,1,2.0,0.0010805130004882812
CUSUM,level,0,0.0,2,,0.00011920928955078125
PELT_l2,spike,1,1.0,1,3.0,0.0008499622344970703
PELT_rbf,spike,0,0.0,1,,0.0006082057952880859
Binseg,spike,1,0.3333333333333333,3,3.0,0.0015742778778076172
Window,spike,1,0.5,2,3.0,0.0010673999786376953
CUSUM,spike,0,0.0,0,,9.679794311523438e-05
PELT_l2,trend,1,0.3333333333333333,3,-1.0,0.0007328987121582031
PELT_rbf,trend,1,0.3333333333333333,3,-1.0,0.0006048679351806641
Binseg,trend,1,0.3333333333333333,3,-1.0,0.0016884803771972656
Window,trend,0,0.0,1,,0.0008740425109863281
CUSUM,trend,0,0.0,1,,9.34600830078125e-05
PELT_l2,level,1,0.5,2,1.0,0.0006508827209472656
PELT_rbf,level,1,0.5,2,1.0,0.0006077289581298828
Binseg,level,1,0.3333333333333333,3,1.0,0.0014111995697021484
Window,level,1,0.5,2,1.0,0.0010826587677001953
CUSUM,level,0,0.0,2,,9.441375732421875e-05
PELT_l2,trend,0,0.0,1,,0.0009238719940185547
PELT_rbf,trend,0,0.0,2,,0.0006062984466552734
Binseg,trend,0,0.0,3,,0.0014774799346923828
Window,trend,0,0.0,1,,0.0009202957153320312
CUSUM,trend,0,0.0,0,,0.00010943412780761719
PELT_l2,spike,0,0.0,0,,0.0010275840759277344
PELT_rbf,spike,0,0.0,2,,0.0006999969482421875
Binseg,spike,1,0.3333333333333333,3,-1.0,0.0015413761138916016
Window,spike,1,1.0,1,-1.0,0.0009307861328125
CUSUM,spike,1,1.0,1,1.0,0.00010943412780761719
PELT_l2,level,0,0.0,1,,0.0007567405700683594
PELT_rbf,level,1,1.0,1,2.0,0.0005545616149902344
Binseg,level,1,0.3333333333333333,3,2.0,0.0017101764678955078
Window,level,0,0.0,1,,0.0009129047393798828
CUSUM,level,0,0.0,2,,9.179115295410156e-05
PELT_l2,spike,1,1.0,1,0.0,0.0007092952728271484
PELT_rbf,spike,1,1.0,1,0.0,0.0006306171417236328
Binseg,spike,1,0.3333333333333333,3,0.0,0.0014727115631103516
Window,spike,1,1.0,1,0.0,0.0008478164672851562
CUSUM,spike,1,1.0,1,1.0,9.322166442871094e-05
PELT_l2,level,1,0.5,2,0.0,0.0006656646728515625
PELT_rbf,level,1,0.5,2,0.0,0.0005974769592285156
Binseg,level,1,0.3333333333333333,3,0.0,0.0013966560363769531
Window,level,1,1.0,1,0.0,0.0008275508880615234
CUSUM,level,0,0.0,2,,9.250640869140625e-05
PELT_l2,level,1,0.5,2,1.0,0.0008337497711181641
PELT_rbf,level,1,1.0,1,1.0,0.0005967617034912109
Binseg,level,1,0.3333333333333333,3,1.0,0.001313924789428711
Window,level,1,0.5,2,1.0,0.0009694099426269531
CUSUM,level,0,0.0,2,,0.00010371208190917969
PELT_l2,trend,1,0.3333333333333333,3,-1.0,0.0010602474212646484
PELT_rbf,trend,0,0.0,2,,0.000720977783203125
Binseg,trend,1,0.3333333333333333,3,-1.0,0.0014002323150634766
Window,trend,0,0.0,1,,0.0008902549743652344
CUSUM,trend,1,0.5,2,-1.0,9.989738464355469e-05
PELT_l2,spike,0,0.0,0,,0.0011093616485595703
PELT_rbf,spike,0,0.0,1,,0.0006766319274902344
Binseg,spike,1,0.3333333333333333,3,2.0,0.0015666484832763672
Window,spike,1,1.0,1,2.0,0.0008890628814697266
CUSUM,spike,1,1.0,1,1.0,0.00010895729064941406
PELT_l2,trend,1,0.3333333333333333,3,0.0,0.0008504390716552734
PELT_rbf,trend,1,0.3333333333333333,3,0.0,0.0006403923034667969
Binseg,trend,1,0.3333333333333333,3,0.0,0.0012421607971191406
Window,trend,0,0.0,1,,0.0008776187896728516
CUSUM,trend,0,0.0,1,,0.0001385211944580078
PELT_l2,trend,0,0.0,2,,0.0008869171142578125
PELT_rbf,trend,0,0.0,2,,0.0005629062652587891
Binseg,trend,0,0.0,3,,0.0013453960418701172
Window,trend,0,0.0,1,,0.0009961128234863281
CUSUM,trend,0,0.0,1,,0.00010418891906738281
PELT_l2,level,1,1.0,1,2.0,0.0009877681732177734
PELT_rbf,level,1,0.5,2,2.0,0.0006043910980224609
Binseg,level,1,0.3333333333333333,3,2.0,0.0015230178833007812
Window,level,1,1.0,1,2.0,0.001001596450805664
CUSUM,level,1,1.0,1,2.0,0.0001456737518310547
PELT_l2,spike,0,0.0,1,,0.0009829998016357422
PELT_rbf,spike,0,0.0,1,,0.0006608963012695312
Binseg,spike,0,0.0,3,,0.0015501976013183594
Window,spike,1,1.0,1,-1.0,0.0009295940399169922
CUSUM,spike,0,0.0,1,,0.00010728836059570312
PELT_l2,trend,1,0.3333333333333333,3,0.0,0.000728607177734375
PELT_rbf,trend,1,0.3333333333333333,3,0.0,0.0006229877471923828
Binseg,trend,1,0.3333333333333333,3,0.0,0.0014557838439941406
Window,trend,0,0.0,1,,0.000986337661743164
CUSUM,trend,1,0.5,2,-1.0,0.00011205673217773438
PELT_l2,spike,0,0.0,1,,0.0011584758758544922
PELT_rbf,spike,0,0.0,1,,0.0006241798400878906
Binseg,spike,0,0.0,3,,0.0013582706451416016
Window,spike,0,0.0,1,,0.0010399818420410156
CUSUM,spike,1,1.0,1,1.0,0.00010728836059570312
PELT_l2,trend,1,0.3333333333333333,3,1.0,0.0008423328399658203
PELT_rbf,trend,1,0.3333333333333333,3,1.0,0.0006108283996582031
Binseg,trend,1,0.3333333333333333,3,1.0,0.0013234615325927734
Window,trend,0,0.0,1,,0.00090789794921875
CUSUM,trend,1,0.5,2,-1.0,9.489059448242188e-05
PELT_l2,trend,0,0.0,3,,0.0008599758148193359
PELT_rbf,trend,0,0.0,3,,0.000690460205078125
Binseg,trend,0,0.0,3,,0.0015959739685058594
Window,trend,1,0.5,2,-1.0,0.0009694099426269531
CUSUM,trend,1,0.5,2,0.0,9.34600830078125e-05
PELT_l2,spike,1,1.0,1,0.0,0.0007672309875488281
PELT_rbf,spike,0,0.0,2,,0.0006163120269775391
Binseg,spike,1,0.3333333333333333,3,0.0,0.0015163421630859375
Window,spike,1,1.0,1,0.0,0.00101470947265625
CUSUM,spike,1,0.5,2,1.0,9.751319885253906e-05
PELT_l2,level,1,0.5,2,2.0,0.0006203651428222656
PELT_rbf,level,1,0.5,2,2.0,0.00060272216796875
Binseg,level,1,0.3333333333333333,3,2.0,0.0013933181762695312
Window,level,1,1.0,1,2.0,0.003027677536010742
CUSUM,level,0,0.0,1,,0.00013947486877441406
PELT_l2,trend,0,0.0,2,,0.0007598400115966797
PELT_rbf,trend,0,0.0,2,,0.003274202346801758
Binseg,trend,1,0.3333333333333333,3,0.0,0.00353240966796875
Window,trend,0,0.0,1,,0.0009248256683349609
CUSUM,trend,1,0.5,2,1.0,0.00010347366333007812
PELT_l2,level,1,0.5,2,1.0,0.002859354019165039
PELT_rbf,level,1,1.0,1,1.0,0.00064849853515625
Binseg,level,1,0.3333333333333333,3,1.0,0.0034639835357666016
Window,level,1,1.0,1,1.0,0.0009679794311523438
CUSUM,level,0,0.0,2,,0.00010275840759277344
PELT_l2,trend,1,0.3333333333333333,3,-1.0,0.0008752346038818359
PELT_rbf,trend,1,0.3333333333333333,3,-1.0,0.0006530284881591797
Binseg,trend,1,0.3333333333333333,3,-1.0,0.0037300586700439453
Window,trend,0,0.0,1,,0.0031213760375976562
CUSUM,trend,0,0.0,1,,0.00010275840759277344
PELT_l2,spike,1,1.0,1,3.0,0.003202676773071289
PELT_rbf,spike,0,0.0,1,,0.0007307529449462891
Binseg,spike,1,0.3333333333333333,3,3.0,0.003638029098510742
Window,spike,1,0.5,2,3.0,0.0012211799621582031
CUSUM,spike,0,0.0,0,,0.0022096633911132812
PELT_l2,trend,0,0.0,1,,0.0009913444519042969
PELT_rbf,trend,0,0.0,1,,0.003039836883544922
Binseg,trend,1,0.3333333333333333,3,0.0,0.0016834735870361328
Window,trend,0,0.0,2,,0.001058816909790039
CUSUM,trend,0,0.0,1,,0.00010275840759277344
PELT_l2,level,1,1.0,1,0.0,0.002853870391845703
PELT_rbf,level,1,0.5,2,0.0,0.0006833076477050781
Binseg,level,1,0.3333333333333333,3,0.0,0.003737926483154297
Window,level,1,1.0,1,0.0,0.0031731128692626953
CUSUM,level,0,0.0,2,,0.00012493133544921875
PELT_l2,level,1,1.0,1,1.0,0.0006947517395019531
PELT_rbf,level,1,1.0,1,1.0,0.0026962757110595703
Binseg,level,1,0.3333333333333333,3,1.0,0.0014872550964355469
Window,level,1,0.5,2,1.0,0.0033371448516845703
CUSUM,level,0,0.0,2,,0.00010275840759277344
PELT_l2,trend,1,0.5,2,3.0,0.00304412841796875
PELT_rbf,trend,1,0.5,2,3.0,0.0006711483001708984
Binseg,trend,1,0.3333333333333333,3,3.0,0.005879640579223633
Window,trend,1,1.0,1,3.0,0.00101470947265625
CUSUM,trend,0,0.0,1,,0.00011014938354492188
PELT_l2,trend,1,0.3333333333333333,3,1.0,0.004500389099121094
PELT_rbf,trend,1,0.3333333333333333,3,1.0,0.0007503032684326172
Binseg,trend,1,0.3333333333333333,3,1.0,0.0036287307739257812
Window,trend,0,0.0,1,,0.0031249523162841797
CUSUM,trend,0,0.0,1,,0.00014710426330566406
PELT_l2,level,1,1.0,1,1.0,0.0008130073547363281
PELT_rbf,level,1,0.5,2,1.0,0.0026597976684570312
Binseg,level,1,0.3333333333333333,3,1.0,0.0027294158935546875
Window,level,1,1.0,1,1.0,0.002160310745239258
CUSUM,level,0,0.0,2,,0.0001392364501953125
PELT_l2,spike,0,0.0,1,,0.0029754638671875
PELT_rbf,spike,0,0.0,1,,0.0006139278411865234
Binseg,spike,1,0.3333333333333333,3,-1.0,0.005623340606689453
Window,spike,0,0.0,1,,0.006378173828125
CUSUM,spike,0,0.0,1,,0.00010418891906738281
PELT_l2,level,1,1.0,1,0.0,0.006890058517456055
PELT_rbf,level,1,1.0,1,0.0,0.0010344982147216797
Binseg,level,1,0.3333333333333333,3,0.0,0.007579803466796875
Window,level,1,1.0,1,0.0,0.0044367313385009766
CUSUM,level,1,1.0,1,3.0,0.0001246929168701172
PELT_l2,trend,1,0.3333333333333333,3,3.0,0.00703740119934082
PELT_rbf,trend,1,0.3333333333333333,3,3.0,0.0008146762847900391
Binseg,trend,1,0.3333333333333333,3,3.0,0.0057544708251953125
Window,trend,1,1.0,1,3.0,0.0009715557098388672
CUSUM,trend,1,0.5,2,1.0,0.0001285076141357422
PELT_l2,spike,0,0.0,1,,0.0009379386901855469
PELT_rbf,spike,0,0.0,1,,0.0015289783477783203
Binseg,spike,1,0.3333333333333333,3,2.0,0.001344919204711914
Window,spike,1,1.0,1,2.0,0.002555370330810547
CUSUM,spike,0,0.0,0,,0.0001628398895263672
PELT_l2,trend,1,0.3333333333333333,3,-1.0,0.0007357597351074219
PELT_rbf,trend,0,0.0,2,,0.0007615089416503906
Binseg,trend,1,0.3333333333333333,3,-1.0,0.0015118122100830078
Window,trend,0,0.0,1,,0.0009400844573974609
CUSUM,trend,1,0.5,2,-1.0,0.00011157989501953125
PELT_l2,spike,0,0.0,1,,0.0009293556213378906
PELT_rbf,spike,0,0.0,2,,0.0006885528564453125
Binseg,spike,1,0.3333333333333333,3,-1.0,0.0015003681182861328
Window,spike,1,1.0,1,-1.0,0.0009915828704833984
CUSUM,spike,1,0.5,2,1.0,0.00012087821960449219
PELT_l2,level,0,0.0,1,,0.0007817745208740234
PELT_rbf,level,0,0.0,1,,0.0006973743438720703
Binseg,level,1,0.3333333333333333,3,3.0,0.0014886856079101562
Window,level,0,0.0,2,,0.0010952949523925781
CUSUM,level,0,0.0,1,,0.00011849403381347656
PELT_l2,trend,1,0.5,2,-1.0,0.0007832050323486328
PELT_rbf,trend,1,1.0,1,-1.0,0.0006594657897949219
Binseg,trend,1,0.3333333333333333,3,-1.0,0.0015821456909179688
Window,trend,1,1.0,1,-1.0,0.000942230224609375
CUSUM,trend,0,0.0,1,,0.0001800060272216797
PELT_l2,level,1,1.0,1,-1.0,0.00095367431640625
PELT_rbf,level,1,1.0,1,-1.0,0.0006587505340576172
Binseg,level,1,0.3333333333333333,3,-1.0,0.0013117790222167969
Window,level,1,1.0,1,-1.0,0.0008780956268310547
CUSUM,level,0,0.0,1,,0.00010991096496582031
PELT_l2,trend,0,0.0,2,,0.0026140213012695312
PELT_rbf,trend,0,0.0,2,,0.0006852149963378906
Binseg,trend,0,0.0,3,,0.0013172626495361328
Window,trend,0,0.0,1,,0.000942230224609375
CUSUM,trend,0,0.0,1,,0.0001049041748046875
PELT_l2,spike,1,0.5,2,0.0,0.0008285045623779297
PELT_rbf,spike,0,0.0,1,,0.0006587505340576172
Binseg,spike,1,0.3333333333333333,3,0.0,0.0014231204986572266
Window,spike,1,1.0,1,0.0,0.0009510517120361328
CUSUM,spike,1,1.0,1,1.0,9.083747863769531e-05
PELT_l2,trend,0,0.0,2,,0.0008647441864013672
PELT_rbf,trend,0,0.0,2,,0.0006628036499023438
Binseg,trend,1,0.3333333333333333,3,1.0,0.0014274120330810547
Window,trend,0,0.0,1,,0.0008943080902099609
CUSUM,trend,1,0.5,2,2.0,0.00012421607971191406
PELT_l2,level,1,1.0,1,1.0,0.0008435249328613281
PELT_rbf,level,1,1.0,1,1.0,0.000644683837890625
Binseg,level,1,0.3333333333333333,3,1.0,0.00147247314453125
Window,level,1,1.0,1,1.0,0.0008685588836669922
CUSUM,level,0,0.0,1,,9.72747802734375e-05
PELT_l2,trend,0,0.0,2,,0.0008678436279296875
PELT_rbf,trend,0,0.0,2,,0.0006277561187744141
Binseg,trend,1,0.3333333333333333,3,-1.0,0.0014073848724365234
Window,trend,0,0.0,1,,0.0010068416595458984
CUSUM,trend,1,0.5,2,0.0,0.00012636184692382812
PELT_l2,spike,0,0.0,1,,0.0007736682891845703
PELT_rbf,spike,1,0.5,2,-1.0,0.0006320476531982422
Binseg,spike,1,0.3333333333333333,3,-1.0,0.0014033317565917969
Window,spike,0,0.0,1,,0.00091552734375
CUSUM,spike,1,0.5,2,1.0,0.00010442733764648438
PELT_l2,trend,1,0.5,2,3.0,0.0008966922760009766
PELT_rbf,trend,1,0.5,2,3.0,0.0006611347198486328
Binseg,trend,1,0.3333333333333333,3,3.0,0.0014531612396240234
Window,trend,1,1.0,1,3.0,0.0009334087371826172
CUSUM,trend,0,0.0,1,,0.00011515617370605469
PELT_l2,level,1,0.5,2,1.0,0.0007734298706054688
PELT_rbf,level,1,0.5,2,1.0,0.0006427764892578125
Binseg,level,1,0.3333333333333333,3,1.0,0.0015323162078857422
Window,level,1,0.5,2,1.0,0.0009982585906982422
CUSUM,level,0,0.0,2,,0.00010704994201660156
PELT_l2,level,1,1.0,1,0.0,0.0008022785186767578
PELT_rbf,level,1,1.0,1,0.0,0.0006771087646484375
Binseg,level,1,0.3333333333333333,3,0.0,0.0013728141784667969
Window,level,1,0.5,2,0.0,0.0011105537414550781
CUSUM,level,0,0.0,1,,0.00013065338134765625
PELT_l2,level,1,1.0,1,2.0,0.0006754398345947266
PELT_rbf,level,1,0.5,2,2.0,0.0005850791931152344
Binseg,level,1,0.3333333333333333,3,2.0,0.0016734600067138672
Window,level,1,1.0,1,2.0,0.0009081363677978516
CUSUM,level,0,0.0,2,,0.00010704994201660156
PELT_l2,trend,0,0.0,2,,0.0008423328399658203
PELT_rbf,trend,0,0.0,2,,0.0006163120269775391
Binseg,trend,0,0.0,3,,0.0012507438659667969
Window,trend,0,0.0,1,,0.0009837150573730469
CUSUM,trend,0,0.0,1,,0.00010609626770019531
PELT_l2,level,1,1.0,1,2.0,0.0008537769317626953
PELT_rbf,level,1,0.5,2,2.0,0.0006957054138183594
Binseg,level,1,0.3333333333333333,3,2.0,0.001466989517211914
Window,level,0,0.0,1,,0.0008742809295654297
CUSUM,level,0,0.0,2,,0.00010585784912109375
PELT_l2,spike,1,1.0,1,-1.0,0.0007951259613037109
PELT_rbf,spike,1,0.5,2,-1.0,0.0006029605865478516
Binseg,spike,1,0.3333333333333333,3,-1.0,0.0014083385467529297
Window,spike,1,0.5,2,-1.0,0.0011739730834960938
CUSUM,spike,0,0.0,0,,0.00012063980102539062
PELT_l2,spike,1,1.0,1,0.0,0.0007658004760742188
PELT_rbf,spike,1,0.5,2,0.0,0.0006320476531982422
Binseg,spike,1,0.3333333333333333,3,0.0,0.0012886524200439453
Window,spike,1,1.0,1,0.0,0.0009098052978515625
CUSUM,spike,1,1.0,1,1.0,0.00010919570922851562
PELT_l2,trend,1,0.3333333333333333,3,2.0,0.0006461143493652344
PELT_rbf,trend,1,0.5,2,2.0,0.002672910690307617
Binseg,trend,1,0.3333333333333333,3,2.0,0.0013937950134277344
Window,trend,0,0.0,1,,0.003020763397216797
CUSUM,trend,1,0.5,2,0.0,0.00011730194091796875
PELT_l2,trend,0,0.0,1,,0.0030319690704345703
PELT_rbf,trend,0,0.0,1,,0.002756834030151367
Binseg,trend,1,0.3333333333333333,3,-1.0,0.0015103816986083984
Window,trend,0,0.0,1,,0.0009360313415527344
CUSUM,trend,0,0.0,1,,0.00010204315185546875
PELT_l2,spike,0,0.0,0,,0.0009250640869140625
PELT_rbf,spike,0,0.0,1,,0.00278472900390625
Binseg,spike,1,0.3333333333333333,3,1.0,0.003957033157348633
Window,spike,1,0.5,2,1.0,0.002254486083984375
CUSUM,spike,0,0.0,0,,0.00010442733764648438
PELT_l2,trend,1,0.3333333333333333,3,1.0,0.0008575916290283203
PELT_rbf,trend,1,0.3333333333333333,3,1.0,0.0006215572357177734
Binseg,trend,1,0.3333333333333333,3,1.0,0.005748271942138672
Window,trend,0,0.0,1,,0.0010287761688232422
CUSUM,trend,1,0.5,2,-1.0,0.00010633468627929688
PELT_l2,spike,1,1.0,1,-1.0,0.0007648468017578125
PELT_rbf,spike,0,0.0,1,,0.0017499923706054688
Binseg,spike,1,0.3333333333333333,3,-1.0,0.0013394355773925781
Window,spike,1,1.0,1,-1.0,0.003912925720214844
CUSUM,spike,1,1.0,1,1.0,0.0001976490020751953
PELT_l2,trend,1,0.5,2,3.0,0.0009596347808837891
PELT_rbf,trend,1,0.5,2,3.0,0.000690460205078125
Binseg,trend,1,0.3333333333333333,3,3.0,0.003631114959716797
Window,trend,1,1.0,1,3.0,0.0031986236572265625
CUSUM,trend,1,1.0,1,1.0,0.00013184547424316406
PELT_l2,level,1,0.5,2,2.0,0.002701282501220703
PELT_rbf,level,1,1.0,1,2.0,0.000659942626953125
Binseg,level,1,0.3333333333333333,3,2.0,0.0029859542846679688
Window,level,1,0.5,2,2.0,0.0010344982147216797
CUSUM,level,0,0.0,2,,0.0001087188720703125
PELT_l2,spike,0,0.0,1,,0.0007941722869873047
PELT_rbf,spike,0,0.0,2,,0.0006349086761474609
Binseg,spike,1,0.3333333333333333,3,2.0,0.0035829544067382812
Window,spike,1,1.0,1,2.0,0.0031991004943847656
CUSUM,spike,1,1.0,1,1.0,0.0001220703125
PELT_l2,trend,1,0.5,2,2.0,0.002956390380859375
PELT_rbf,trend,1,0.5,2,2.0,0.0006201267242431641
Binseg,trend,1,0.3333333333333333,3,2.0,0.0034987926483154297
Window,trend,1,1.0,1,2.0,0.0010082721710205078
CUSUM,trend,0,0.0,1,,0.00010395050048828125
PELT_l2,spike,1,1.0,1,-1.0,0.0009169578552246094
PELT_rbf,spike,1,0.5,2,-1.0,0.0008287429809570312
Binseg,spike,1,0.3333333333333333,3,-1.0,0.0036051273345947266
Window,spike,1,1.0,1,-1.0,0.003057241439819336
CUSUM,spike,0,0.0,1,,0.00011754035949707031
PELT_l2,level,1,1.0,1,1.0,0.0006692409515380859
PELT_rbf,level,1,1.0,1,1.0,0.0027108192443847656
Binseg,level,1,0.3333333333333333,3,1.0,0.007979631423950195
Window,level,1,1.0,1,1.0,0.0009181499481201172
CUSUM,level,0,0.0,2,,0.00010585784912109375
PELT_l2,spike,1,1.0,1,2.0,0.0010082721710205078
PELT_rbf,spike,0,0.0,1,,0.0006287097930908203
Binseg,spike,1,0.3333333333333333,3,2.0,0.0036187171936035156
Window,spike,1,1.0,1,2.0,0.004107236862182617
CUSUM,spike,1,1.0,1,1.0,0.00010967254638671875
PELT_l2,spike,0,0.0,1,,0.0030362606048583984
PELT_rbf,spike,1,0.3333333333333333,3,-1.0,0.0006248950958251953
Binseg,spike,1,0.3333333333333333,3,-1.0,0.0034384727478027344
Window,spike,1,1.0,1,-1.0,0.0020143985748291016
CUSUM,spike,1,1.0,1,1.0,0.00011968612670898438
PELT_l2,level,1,1.0,1,1.0,0.0018591880798339844
PELT_rbf,level,1,0.5,2,1.0,0.0006947517395019531
Binseg,level,1,0.3333333333333333,3,1.0,0.01014256477355957
Window,level,1,1.0,1,1.0,0.003284931182861328
CUSUM,level,0,0.0,2,,0.00017404556274414062
PELT_l2,spike,0,0.0,1,,0.0029387474060058594
PELT_rbf,spike,1,0.5,2,0.0,0.0006840229034423828
Binseg,spike,1,0.3333333333333333,3,0.0,0.0025396347045898438
Window,spike,1,1.0,1,0.0,0.0010135173797607422
CUSUM,spike,1,0.5,2,2.0,0.00011205673217773438
PELT_l2,spike,0,0.0,0,,0.0010478496551513672
PELT_rbf,spike,0,0.0,1,,0.0006525516510009766
Binseg,spike,1,0.3333333333333333,3,1.0,0.003357410430908203
Window,spike,0,0.0,1,,0.005318641662597656
CUSUM,spike,1,1.0,1,1.0,0.0001270771026611328
PELT_l2,trend,1,0.3333333333333333,3,1.0,0.0018558502197265625
PELT_rbf,trend,1,0.3333333333333333,3,1.0,0.0006091594696044922
Binseg,trend,1,0.3333333333333333,3,1.0,0.006683826446533203
Window,trend,0,0.0,1,,0.0009443759918212891
CUSUM,trend,1,0.5,2,0.0,0.00015473365783691406
PELT_l2,spike,0,0.0,1,,0.004113912582397461
PELT_rbf,spike,0,0.0,1,,0.0006501674652099609
Binseg,spike,1,0.3333333333333333,3,3.0,0.006884336471557617
Window,spike,0,0.0,1,,0.003191232681274414
CUSUM,spike,0,0.0,1,,0.0001251697540283203
PELT_l2,spike,1,1.0,1,2.0,0.003070831298828125
PELT_rbf,spike,1,0.5,2,2.0,0.0007112026214599609
Binseg,spike,1,0.3333333333333333,3,2.0,0.003509521484375
Window,spike,1,1.0,1,2.0,0.0009031295776367188
CUSUM,spike,1,1.0,1,1.0,0.00010538101196289062
PELT_l2,trend,1,0.3333333333333333,3,1.0,0.0008015632629394531
PELT_rbf,trend,1,0.3333333333333333,3,1.0,0.0006353855133056641
Binseg,trend,1,0.3333333333333333,3,1.0,0.0035212039947509766
Window,trend,0,0.0,1,,0.003072023391723633
CUSUM,trend,1,0.5,2,0.0,0.0012395381927490234
PELT_l2,spike,1,0.5,2,1.0,0.0008575916290283203
PELT_rbf,spike,1,1.0,1,1.0,0.005816459655761719
Binseg,spike,1,0.3333333333333333,3,1.0,0.010988950729370117
Window,spike,0,0.0,1,,0.002949953079223633
CUSUM,spike,0,0.0,1,,0.00010895729064941406
PELT_l2,level,0,0.0,1,,0.004629373550415039
PELT_rbf,level,0,0.0,3,,0.0007050037384033203
Binseg,level,0,0.0,3,,0.009655237197875977
Window,level,0,0.0,1,,0.0010223388671875
CUSUM,level,1,1.0,1,-1.0,0.011222124099731445
PELT_l2,trend,0,0.0,2,,0.0009946823120117188
PELT_rbf,trend,0,0.0,2,,0.008486032485961914
Binseg,trend,1,0.3333333333333333,3,-1.0,0.0035805702209472656
Window,trend,0,0.0,1,,0.0009579658508300781
CUSUM,trend,1,0.5,2,1.0,0.00010824203491210938
PELT_l2,trend,1,0.5,2,2.0,0.001104116439819336
PELT_rbf,trend,1,0.5,2,2.0,0.009031534194946289
Binseg,trend,1,0.3333333333333333,3,2.0,0.005196809768676758
Window,trend,1,0.5,2,2.0,0.012476444244384766
CUSUM,trend,0,0.0,1,,0.00015687942504882812
PELT_l2,trend,1,0.3333333333333333,3,2.0,0.0008611679077148438
PELT_rbf,trend,1,0.3333333333333333,3,2.0,0.0060596466064453125
Binseg,trend,1,0.3333333333333333,3,2.0,0.005903720855712891
Window,trend,0,0.0,1,,0.0010013580322265625
CUSUM,trend,0,0.0,1,,0.00517725944519043
PELT_l2,trend,1,0.3333333333333333,3,3.0,0.0009486675262451172
PELT_rbf,trend,1,0.5,2,3.0,0.004734516143798828
Binseg,trend,1,0.3333333333333333,3,3.0,0.0013415813446044922
Window,trend,1,1.0,1,3.0,0.0070879459381103516
CUSUM,trend,0,0.0,1,,0.000118255615234375
PELT_l2,trend,1,0.5,2,2.0,0.0029866695404052734
PELT_rbf,trend,1,0.5,2,2.0,0.0006961822509765625
Binseg,trend,1,0.3333333333333333,3,2.0,0.007189512252807617
Window,trend,1,1.0,1,2.0,0.004842996597290039
CUSUM,trend,1,1.0,1,0.0,0.00011038780212402344
PELT_l2,level,1,1.0,1,-1.0,0.0008053779602050781
PELT_rbf,level,1,1.0,1,-1.0,0.010782718658447266
Binseg,level,1,0.3333333333333333,3,-1.0,0.0014352798461914062
Window,level,1,1.0,1,-1.0,0.00308990478515625
CUSUM,level,0,0.0,1,,9.584426879882812e-05
PELT_l2,spike,1,1.0,1,2.0,0.0028874874114990234
PELT_rbf,spike,0,0.0,1,,0.0006897449493408203
Binseg,spike,1,0.3333333333333333,3,2.0,0.004675149917602539
Window,spike,1,1.0,1,2.0,0.0010919570922851562
CUSUM,spike,1,1.0,1,1.0,0.00016021728515625
PELT_l2,spike,1,1.0,1,2.0,0.0009303092956542969
PELT_rbf,spike,1,0.5,2,2.0,0.002705812454223633
Binseg,spike,1,0.3333333333333333,3,2.0,0.0015807151794433594
Window,spike,1,1.0,1,2.0,0.003214120864868164
CUSUM,spike,1,0.5,2,1.0,0.0001304149627685547
PELT_l2,spike,1,1.0,1,1.0,0.004053592681884766
PELT_rbf,spike,1,1.0,1,1.0,0.0006434917449951172
Binseg,spike,1,0.3333333333333333,3,1.0,0.0024788379669189453
Window,spike,0,0.0,1,,0.0009162425994873047
CUSUM,spike,1,1.0,1,-1.0,0.00010180473327636719
PELT_l2,trend,1,0.3333333333333333,3,2.0,0.0008296966552734375
PELT_rbf,trend,1,0.5,2,2.0,0.000621795654296875
Binseg,trend,1,0.3333333333333333,3,2.0,0.003568887710571289
Window,trend,0,0.0,1,,0.002973318099975586
CUSUM,trend,1,0.5,2,0.0,0.00011658668518066406
PELT_l2,level,1,0.5,2,2.0,0.0008037090301513672
PELT_rbf,level,1,1.0,1,2.0,0.002714872360229492
Binseg,level,1,0.3333333333333333,3,2.0,0.0013687610626220703
Window,level,1,1.0,1,2.0,0.0031173229217529297
CUSUM,level,0,0.0,2,,0.00013589859008789062
PELT_l2,spike,1,1.0,1,-1.0,0.002798318862915039
PELT_rbf,spike,1,1.0,1,-1.0,0.0007169246673583984
Binseg,spike,1,0.3333333333333333,3,-1.0,0.004449367523193359
Window,spike,1,1.0,1,-1.0,0.0009009838104248047
CUSUM,spike,1,0.5,2,1.0,0.00010967254638671875
PELT_l2,trend,1,0.3333333333333333,3,-1.0,0.0019278526306152344
PELT_rbf,trend,1,0.3333333333333333,3,-1.0,0.0006954669952392578
Binseg,trend,1,0.3333333333333333,3,-1.0,0.003769397735595703
Window,trend,0,0.0,1,,0.003052949905395508
CUSUM,trend,0,0.0,1,,0.0001361370086669922
PELT_l2,trend,1,0.5,2,-1.0,0.0008182525634765625
PELT_rbf,trend,1,0.5,2,-1.0,0.0037648677825927734
Binseg,trend,1,0.3333333333333333,3,-1.0,0.003832101821899414
Window,trend,0,0.0,1,,0.0029184818267822266
CUSUM,trend,0,0.0,1,,0.00018906593322753906
PELT_l2,spike,0,0.0,1,,0.0008356571197509766
PELT_rbf,spike,0,0.0,1,,0.0028018951416015625
Binseg,spike,1,0.3333333333333333,3,2.0,0.0014240741729736328
Window,spike,1,1.0,1,2.0,0.003206968307495117
CUSUM,spike,1,1.0,1,1.0,0.0002396106719970703
PELT_l2,spike,1,1.0,1,0.0,0.0008454322814941406
PELT_rbf,spike,1,0.5,2,0.0,0.001636505126953125
Binseg,spike,1,0.3333333333333333,3,0.0,0.0014946460723876953
Window,spike,1,1.0,1,0.0,0.003088712692260742
CUSUM,spike,1,1.0,1,1.0,0.00012230873107910156
PELT_l2,trend,0,0.0,1,,0.0030341148376464844
PELT_rbf,trend,0,0.0,1,,0.0007357597351074219
Binseg,trend,1,0.3333333333333333,3,1.0,0.004609584808349609
Window,trend,0,0.0,1,,0.0008890628814697266
CUSUM,trend,0,0.0,1,,0.00010228157043457031
PELT_l2,trend,1,0.3333333333333333,3,0.0,0.0009546279907226562
PELT_rbf,trend,1,0.5,2,0.0,0.0006558895111083984
Binseg,trend,1,0.3333333333333333,3,0.0,0.003714323043823242
Window,trend,1,1.0,1,0.0,0.0041522979736328125
CUSUM,trend,0,0.0,1,,0.00010728836059570312
PELT_l2,level,1,1.0,1,2.0,0.0052144527435302734
PELT_rbf,level,1,0.5,2,2.0,0.0007162094116210938
Binseg,level,1,0.3333333333333333,3,2.0,0.004625082015991211
Window,level,1,1.0,1,2.0,0.0009534358978271484
CUSUM,level,1,1.0,2,-1.0,0.0001308917999267578
PELT_l2,trend,1,0.3333333333333333,3,3.0,0.0008833408355712891
PELT_rbf,trend,0,0.0,2,,0.003826618194580078
Binseg,trend,1,0.3333333333333333,3,3.0,0.0013663768768310547
Window,trend,0,0.0,2,,0.0053675174713134766
CUSUM,trend,0,0.0,1,,0.00012230873107910156
PELT_l2,level,0,0.0,0,,0.005101442337036133
PELT_rbf,level,1,0.5,2,-1.0,0.0006990432739257812
Binseg,level,1,0.3333333333333333,3,-1.0,0.00548100471496582
Window,level,1,1.0,1,-1.0,0.0009555816650390625
CUSUM,level,0,0.0,1,,0.00012540817260742188
PELT_l2,spike,1,0.5,2,2.0,0.0007681846618652344
PELT_rbf,spike,0,0.0,1,,0.0006365776062011719
Binseg,spike,1,0.3333333333333333,3,2.0,0.0065479278564453125
Window,spike,1,0.5,2,2.0,0.003292083740234375
CUSUM,spike,0,0.0,0,,0.00010633468627929688
PELT_l2,trend,1,0.5,2,1.0,0.0029799938201904297
PELT_rbf,trend,1,0.5,2,1.0,0.0006551742553710938
Binseg,trend,1,0.3333333333333333,3,1.0,0.003451824188232422
Window,trend,1,1.0,1,1.0,0.0009582042694091797
CUSUM,trend,0,0.0,1,,0.00011324882507324219
PELT_l2,trend,0,0.0,1,,0.0009369850158691406
PELT_rbf,trend,0,0.0,2,,0.0006923675537109375
Binseg,trend,0,0.0,3,,0.0035028457641601562
Window,trend,0,0.0,1,,0.0031027793884277344
CUSUM,trend,0,0.0,1,,0.00011038780212402344
PELT_l2,trend,0,0.0,2,,0.0007505416870117188
PELT_rbf,trend,0,0.0,2,,0.0027501583099365234
Binseg,trend,1,0.3333333333333333,3,1.0,0.003583669662475586
Window,trend,0,0.0,1,,0.0009403228759765625
CUSUM,trend,1,0.5,2,1.0,0.00010013580322265625
PELT_l2,trend,0,0.0,2,,0.002924680709838867
PELT_rbf,trend,0,0.0,2,,0.0007390975952148438
Binseg,trend,0,0.0,3,,0.003580331802368164
Window,trend,0,0.0,2,,0.004881143569946289
CUSUM,trend,0,0.0,1,,0.00017571449279785156
PELT_l2,level,1,0.5,2,0.0,0.0028650760650634766
PELT_rbf,level,1,1.0,1,0.0,0.0006196498870849609
Binseg,level,1,0.3333333333333333,3,0.0,0.002501249313354492
Window,level,1,1.0,1,0.0,0.004131317138671875
CUSUM,level,0,0.0,2,,0.00012135505676269531
PELT_l2,trend,1,0.5,2,2.0,0.0007650852203369141
PELT_rbf,trend,1,0.5,2,2.0,0.002711057662963867
Binseg,trend,1,0.3333333333333333,3,2.0,0.0035660266876220703
Window,trend,1,0.5,2,2.0,0.0011210441589355469
CUSUM,trend,0,0.0,1,,0.00010180473327636719
PELT_l2,trend,1,0.3333333333333333,3,3.0,0.002819061279296875
PELT_rbf,trend,1,0.3333333333333333,3,3.0,0.0006639957427978516
Binseg,trend,1,0.3333333333333333,3,3.0,0.0034437179565429688
Window,trend,1,1.0,1,3.0,0.0009055137634277344
CUSUM,trend,0,0.0,1,,0.00010561943054199219
PELT_l2,spike,0,0.0,1,,0.0010335445404052734
PELT_rbf,spike,1,0.5,2,2.0,0.0006275177001953125
Binseg,spike,1,0.3333333333333333,3,2.0,0.0013267993927001953
Window,spike,1,1.0,1,2.0,0.0010058879852294922
CUSUM,spike,1,1.0,1,1.0,0.00011372566223144531
PELT_l2,trend,1,0.3333333333333333,3,3.0,0.0008385181427001953
PELT_rbf,trend,1,1.0,1,3.0,0.0006778240203857422
Binseg,trend,1,0.3333333333333333,3,3.0,0.0015196800231933594
Window,trend,1,0.5,2,3.0,0.0011870861053466797
CUSUM,trend,0,0.0,1,,0.00012826919555664062
PELT_l2,level,1,0.5,2,-1.0,0.0008592605590820312
PELT_rbf,level,1,0.5,2,-1.0,0.0006306171417236328
Binseg,level,1,0.3333333333333333,3,-1.0,0.0015151500701904297
Window,level,1,0.5,2,-1.0,0.0010917186737060547
CUSUM,level,1,0.5,2,-1.0,9.465217590332031e-05
PELT_l2,spike,1,1.0,1,-1.0,0.0007200241088867188
PELT_rbf,spike,0,0.0,1,,0.0006465911865234375
Binseg,spike,1,0.3333333333333333,3,-1.0,0.0014863014221191406
Window,spike,1,1.0,1,-1.0,0.0008840560913085938
CUSUM,spike,0,0.0,1,,0.00010204315185546875
PELT_l2,spike,1,1.0,1,-1.0,0.0006852149963378906
PELT_rbf,spike,1,0.5,2,-1.0,0.0006644725799560547
Binseg,spike,1,0.3333333333333333,3,-1.0,0.0015842914581298828
Window,spike,1,1.0,1,-1.0,0.0008742809295654297
CUSUM,spike,1,1.0,1,1.0,9.489059448242188e-05
PELT_l2,spike,0,0.0,1,,0.0007293224334716797
PELT_rbf,spike,0,0.0,1,,0.0006372928619384766
Binseg,spike,1,0.3333333333333333,3,3.0,0.0014276504516601562
Window,spike,1,1.0,1,3.0,0.0008330345153808594
CUSUM,spike,0,0.0,1,,9.489059448242188e-05
PELT_l2,level,1,0.5,2,0.0,0.0007894039154052734
PELT_rbf,level,1,1.0,1,0.0,0.0006313323974609375
Binseg,level,1,0.3333333333333333,3,0.0,0.0014045238494873047
Window,level,1,1.0,1,0.0,0.0008435249328613281
CUSUM,level,0,0.0,2,,9.846687316894531e-05
PELT_l2,level,1,1.0,1,-1.0,0.0008907318115234375
PELT_rbf,level,1,0.5,2,-1.0,0.0006465911865234375
Binseg,level,1,0.3333333333333333,3,-1.0,0.0013492107391357422
Window,level,1,0.5,2,-1.0,0.0009613037109375
CUSUM,level,0,0.0,1,,9.822845458984375e-05
PELT_l2,trend,1,0.25,4,2.0,0.0007719993591308594
PELT_rbf,trend,1,0.3333333333333333,3,2.0,0.0005831718444824219
Binseg,trend,1,0.3333333333333333,3,2.0,0.001500844955444336
Window,trend,0,0.0,1,,0.0007927417755126953
CUSUM,trend,0,0.0,2,,0.0001270771026611328
PELT_l2,spike,1,1.0,1,0.0,0.0008652210235595703
PELT_rbf,spike,1,0.3333333333333333,3,0.0,0.0019288063049316406
Binseg,spike,1,0.3333333333333333,3,0.0,0.0012497901916503906
Window,spike,1,1.0,1,0.0,0.0008859634399414062
CUSUM,spike,1,1.0,1,1.0,0.0001201629638671875
PELT_l2,trend,1,0.3333333333333333,3,1.0,0.0020439624786376953
PELT_rbf,trend,1,0.5,2,1.0,0.0005719661712646484
Binseg,trend,1,0.3333333333333333,3,1.0,0.001483917236328125
Window,trend,1,1.0,1,1.0,0.0010313987731933594
CUSUM,trend,0,0.0,1,,9.942054748535156e-05
PELT_l2,spike,1,1.0,1,2.0,0.0007824897766113281
PELT_rbf,spike,1,1.0,1,2.0,0.0005555152893066406
Binseg,spike,1,0.3333333333333333,3,2.0,0.0015418529510498047
Window,spike,1,1.0,1,2.0,0.0009522438049316406
CUSUM,spike,1,1.0,1,1.0,0.00010228157043457031
PELT_l2,trend,1,0.25,4,0.0,0.0006144046783447266
PELT_rbf,trend,1,0.3333333333333333,3,0.0,0.0005548000335693359
Binseg,trend,1,0.3333333333333333,3,0.0,0.0016069412231445312
Window,trend,0,0.0,1,,0.0010082721710205078
CUSUM,trend,0,0.0,2,,9.655952453613281e-05
PELT_l2,spike,0,0.0,1,,0.0007436275482177734
PELT_rbf,spike,0,0.0,2,,0.0006949901580810547
Binseg,spike,1,0.3333333333333333,3,-1.0,0.0015821456909179688
Window,spike,1,1.0,1,-1.0,0.0007922649383544922
CUSUM,spike,1,1.0,1,1.0,0.00010943412780761719
PELT_l2,trend,1,0.5,2,2.0,0.0008535385131835938
PELT_rbf,trend,1,0.3333333333333333,3,2.0,0.0006368160247802734
Binseg,trend,1,0.3333333333333333,3,2.0,0.0037221908569335938
Window,trend,1,1.0,1,2.0,0.0008616447448730469
CUSUM,trend,0,0.0,1,,9.918212890625e-05
PELT_l2,level,1,1.0,1,1.0,0.002927541732788086
PELT_rbf,level,1,0.5,2,1.0,0.000621795654296875
Binseg,level,1,0.3333333333333333,3,1.0,0.004781246185302734
Window,level,1,1.0,1,1.0,0.003351926803588867
CUSUM,level,0,0.0,2,,0.00013136863708496094
PELT_l2,trend,1,0.3333333333333333,3,-1.0,0.0008158683776855469
PELT_rbf,trend,0,0.0,1,,0.002850055694580078
Binseg,trend,1,0.3333333333333333,3,-1.0,0.008034467697143555
Window,trend,0,0.0,1,,0.0011513233184814453
CUSUM,trend,1,0.5,2,-1.0,0.004349708557128906
PELT_l2,level,1,0.5,2,1.0,0.0010347366333007812
PELT_rbf,level,1,1.0,1,1.0,0.0030651092529296875
Binseg,level,1,0.3333333333333333,3,1.0,0.0038754940032958984
Window,level,1,0.5,2,1.0,0.0045013427734375
CUSUM,level,0,0.0,2,,0.0001583099365234375
PELT_l2,spike,0,0.0,0,,0.003168344497680664
PELT_rbf,spike,1,0.5,2,-1.0,0.0008244514465332031
Binseg,spike,1,0.3333333333333333,3,-1.0,0.0059206485748291016
Window,spike,1,1.0,1,-1.0,0.0011379718780517578
CUSUM,spike,1,1.0,1,3.0,0.004281759262084961
PELT_l2,trend,1,0.5,2,2.0,0.005186319351196289
PELT_rbf,trend,1,0.5,2,2.0,0.0008749961853027344
Binseg,trend,1,0.3333333333333333,3,2.0,0.005926847457885742
Window,trend,0,0.0,1,,0.005233049392700195
CUSUM,trend,0,0.0,1,,0.00023674964904785156
PELT_l2,trend,1,0.5,2,0.0,0.0010783672332763672
PELT_rbf,trend,1,0.5,2,0.0,0.00492405891418457
Binseg,trend,1,0.3333333333333333,3,0.0,0.00569462776184082
Window,trend,1,1.0,1,0.0,0.001214742660522461
CUSUM,trend,0,0.0,1,,0.00013685226440429688
PELT_l2,spike,1,1.0,1,2.0,0.0012848377227783203
PELT_rbf,spike,0,0.0,1,,0.0028383731842041016
Binseg,spike,1,0.3333333333333333,3,2.0,0.004165172576904297
Window,spike,1,0.5,2,2.0,0.003425121307373047
CUSUM,spike,0,0.0,0,,0.0001583099365234375
PELT_l2,trend,1,0.25,4,1.0,0.0009036064147949219
PELT_rbf,trend,1,0.3333333333333333,3,1.0,0.002808094024658203
Binseg,trend,1,0.3333333333333333,3,1.0,0.004104137420654297
Window,trend,0,0.0,1,,0.0011782646179199219
CUSUM,trend,0,0.0,2,,0.002184152603149414
PELT_l2,trend,1,0.25,4,0.0,0.0009248256683349609
PELT_rbf,trend,1,0.3333333333333333,3,0.0,0.0028111934661865234
Binseg,trend,1,0.3333333333333333,3,0.0,0.003846406936645508
Window,trend,0,0.0,1,,0.0011551380157470703
CUSUM,trend,0,0.0,2,,0.0001475811004638672
PELT_l2,level,1,0.5,2,1.0,0.002991914749145508
PELT_rbf,level,1,1.0,1,1.0,0.0007276535034179688
Binseg,level,1,0.3333333333333333,3,1.0,0.003765106201171875
Window,level,1,1.0,1,1.0,0.0032672882080078125
CUSUM,level,0,0.0,2,,0.0001289844512939453
PELT_l2,spike,0,0.0,1,,0.005133152008056641
PELT_rbf,spike,0,0.0,1,,0.0007710456848144531
Binseg,spike,1,0.3333333333333333,3,3.0,0.005889177322387695
Window,spike,1,1.0,1,3.0,0.005260467529296875
CUSUM,spike,1,1.0,1,1.0,0.00016236305236816406
PELT_l2,spike,1,1.0,1,2.0,0.00098419189453125
PELT_rbf,spike,1,0.5,2,2.0,0.0049228668212890625
Binseg,spike,1,0.3333333333333333,3,2.0,0.005938291549682617
Window,spike,1,1.0,1,2.0,0.0011508464813232422
CUSUM,spike,1,1.0,1,1.0,0.004186153411865234
PELT_l2,trend,0,0.0,1,,0.0012023448944091797
PELT_rbf,trend,0,0.0,1,,0.003960132598876953
Binseg,trend,1,0.3333333333333333,3,1.0,0.004831552505493164
Window,trend,0,0.0,2,,0.0011417865753173828
CUSUM,trend,0,0.0,1,,0.00012111663818359375
