mo,h,t,y_true,y_pred,error_pct
1174,12,12,18387,26437.687575891814,43.78467164785889
1168,12,12,19054,26893.310449501045,41.14259708985538
14,12,12,19441,27420.462298477414,41.044505418843755
587,12,12,24223,34142.951620402426,40.95261371589987
618,12,12,39170,54358.16414705535,38.774991440018766
342,12,12,25822,35645.648544101605,38.04371676904037
554,12,12,18668,25707.612276408094,37.70951508682287
852,12,12,19578,26851.639282682514,37.15210584677962
1196,12,12,19755,26889.32148376466,36.11400396742424
606,12,12,19785,26838.231327962254,35.64938755603869
